path	count	total(ms)	mean(ms)	min(ms)	max(ms)	query_count/request_count	query
GET /api/player/player/:player_id	6080	267,097.322	43.930	0.445	1,381.532	-	-
- sql total time	-	3,108.689	-	-	-	-	-
-	3822	1,486.000	0.388	0.000	68.000	0.628	flockByTenantID(v.tenantID)
-	3836	1,198.680	0.312	0.101	39.129	0.630	Connect 
-	3822	290.122	0.075	0.042	9.084	0.628	"QueryContext SELECT player_score.score, competition.title FROM player_score INNER JOIN (
			SELECT competition_id, max(row_num) AS row_num FROM player_score WHERE tenant_id = ? AND player_id = ? GROUP BY competition_id
		) AS c ON (
			player_score.row_num = c.row_num
			AND player_score.competition_id = c.competition_id
			AND player_score.tenant_id = ? AND player_score.player_id = ?
		)
		INNER JOIN competition ON (
			competition.id = player_score.competition_id
		)
		ORDER BY competition.created_at ASC
		"
-	7658	133.886	0.017	0.007	12.417	1.259	QueryContext SELECT * FROM player WHERE id = ?
GET /api/player/competition/:competition_id/ranking	3023	149,308.492	49.390	0.446	1,290.967	-	-
- sql total time	-	27,565.507	-	-	-	-	-
-	1622	17,654.615	10.884	0.213	455.965	0.536	QueryContext SELECT * FROM visit_history WHERE tenant_id = ? AND competition_id = ? AND player_id = ?
-	479	3,116.491	6.506	0.726	35.672	0.158	ExecContext INSERT INTO visit_history (player_id, tenant_id, competition_id, created_at, updated_at) VALUES (?, ?, ?, ?, ?)
-	210	2,783.000	13.252	0.000	71.000	0.069	flockByTenantID(v.tenantID)
-	1622	2,207.979	1.361	0.167	31.485	0.536	QueryContext SELECT * FROM tenant WHERE id = ?
-	1647	1,646.646	0.999	0.103	116.980	0.544	Connect 
-	210	100.380	0.478	0.057	26.537	0.069	"QueryContext SELECT player_score.*, display_name FROM player_score INNER JOIN (
			SELECT player_id, max(row_num) AS row_num FROM player_score WHERE tenant_id = ? AND competition_id = ? GROUP BY player_id
		) AS c ON (
			player_score.player_id = c.player_id
			AND player_score.row_num = c.row_num
			AND player_score.tenant_id = ? AND player_score.competition_id = ?
		)
		INNER JOIN player ON (
			player.id = player_score.player_id
		)
		ORDER BY player_score.score DESC, player_score.row_num ASC
		"
-	1622	29.474	0.018	0.008	4.057	0.536	QueryContext SELECT * FROM competition WHERE id = ?
-	1636	26.918	0.016	0.010	0.127	0.541	QueryContext SELECT * FROM player WHERE id = ?
GET /api/admin/tenants/billing	21	105,036.786	5,001.751	2,230.608	12,167.934	-	-
- sql total time	-	53,207.513	-	-	-	-	-
-	606	53,126.384	87.667	0.732	8,441.412	28.857	QueryContext SELECT player_id, MIN(created_at) AS min_created_at FROM visit_history WHERE tenant_id = ? AND competition_id = ? GROUP BY player_id
-	103	27.416	0.266	0.129	3.216	4.904	Connect 
-	1152	22.088	0.019	0.006	1.950	54.857	QueryContext SELECT * FROM competition WHERE id = ?
-	604	19.041	0.031	0.019	0.087	28.761	QueryContext SELECT DISTINCT(player_id) FROM player_score WHERE tenant_id = ? AND competition_id = ?
-	21	10.365	0.493	0.228	1.549	1.000	QueryContext SELECT * FROM tenant ORDER BY id DESC
-	101	2.217	0.021	0.011	0.516	4.809	QueryContext SELECT * FROM competition WHERE tenant_id=?
-	604	0.000	0.000	0.000	0.000	28.761	flockByTenantID(v.tenantID)
POST /api/organizer/players/add	23	18,574.541	807.588	10.228	1,073.914	-	-
- sql total time	-	2,569.484	-	-	-	-	-
-	383	2,558.647	6.680	3.810	75.912	16.652	ExecContext INSERT INTO player (id, tenant_id, display_name, is_disqualified, created_at, updated_at) VALUES (?, ?, ?, ?, ?, ?)
-	383	7.350	0.019	0.011	0.055	16.652	QueryContext SELECT * FROM player WHERE id = ?
-	4	2.464	0.616	0.189	0.939	0.173	Connect 
-	4	1.021	0.255	0.235	0.279	0.173	QueryContext SELECT * FROM tenant WHERE name = ?
GET /api/organizer/billing	66	8,333.827	126.270	1.400	822.824	-	-
- sql total time	-	733.862	-	-	-	-	-
-	436	677.991	1.555	0.281	22.555	6.606	QueryContext SELECT player_id, MIN(created_at) AS min_created_at FROM visit_history WHERE tenant_id = ? AND competition_id = ? GROUP BY player_id
-	31	30.247	0.975	0.131	23.118	0.469	Connect 
-	436	12.459	0.028	0.011	3.724	6.606	QueryContext SELECT * FROM competition WHERE id = ?
-	436	12.390	0.028	0.016	1.330	6.606	QueryContext SELECT DISTINCT(player_id) FROM player_score WHERE tenant_id = ? AND competition_id = ?
-	30	0.525	0.017	0.015	0.023	0.454	QueryContext SELECT * FROM competition WHERE tenant_id=? ORDER BY created_at DESC
-	1	0.248	0.248	0.248	0.248	0.015	QueryContext SELECT * FROM tenant WHERE name = ?
-	436	0.000	0.000	0.000	0.000	6.606	flockByTenantID(v.tenantID)
POST /initialize	1	5,050.330	5,050.330	5,050.330	5,050.330	-	-
POST /api/organizer/competition/:competition_id/score	116	3,745.133	32.285	0.948	154.073	-	-
- sql total time	-	1,079.449	-	-	-	-	-
-	30	312.075	10.402	6.116	20.043	0.258	ExecContext INSERT INTO player_score (id, tenant_id, player_id, competition_id, score, row_num, created_at, updated_at) VALUES (?, ?, ?, ?, ?, ?, ?, ?),(?, ?, ?, ?, ?, ?, ?, ?),(?, ?, ?, ?, ?, ?, ?, ?),(?, ?, ?, ?, ?, ?, ?, ?),(?, ?, ?, ?, ?, ?, ?, ?),(?, ?, ?, ?, ?, ?, ?, ?),(?, ?, ?, ?, ?, ?, ?, ?),(?, ?, ?, ?, ?, ?, ?, ?),(?, ?, ?, ?, ?, ?, ?, ?),(?, ?, ?, ?, ?, ?, ?, ?),(?, ?, ?, ?, ?, ?, ?, ?),(?, ?, ?, ?, ?, ?, ?, ?),(?, ?, ?, ?, ?, ?, ?, ?),(?, ?, ?, ?, ?, ?, ?, ?),(?, ?, ?, ?, ?, ?, ?, ?),(?, ?, ?, ?, ?, ?, ?, ?),(?, ?, ?, ?, ?, ?, ?, ?),(?, ?, ?, ?, ?, ?, ?, ?),(?, ?, ?, ?, ?, ?, ?, ?),(?, ?, ?, ?, ?, ?, ?, ?),(?, ?, ?, ?, ?, ?, ?, ?),(?, ?, ?, ?, ?, ?, ?, ?),(?, ?, ?, ?, ?, ?, ?, ?),(?, ?, ?, ?, ?, ?, ?, ?),(?, ?, ?, ?, ?, ?, ?, ?),(?, ?, ?, ?, ?, ?, ?, ?),(?, ?, ?, ?, ?, ?, ?, ?),(?, ?, ?, ?, ?, ?, ?, ?),(?, ?, ?, ?, ?, ?, ?, ?),(?, ?, ?, ?, ?, ?, ?, ?),(?, ?, ?, ?, ?, ?, ?, ?),(?, ?, ?, ?, ?, ?, ?, ?),(?, ?, ?, ?, ?, ?, ?, ?),(?, ?, ?, ?, ?, ?, ?, ?),(?, ?, ?, ?, ?, ?, ?, ?
-	66	213.530	3.235	0.032	13.097	0.568	ExecContext DELETE FROM player_score WHERE tenant_id = ? AND competition_id = ?
-	11970	164.870	0.013	0.006	9.878	103.189	QueryContext SELECT * FROM player WHERE id = ?
-	18	135.370	7.520	5.471	16.291	0.155	ExecContext INSERT INTO player_score (id, tenant_id, player_id, competition_id, score, row_num, created_at, updated_at) VALUES (?, ?, ?, ?, ?, ?, ?, ?),(?, ?, ?, ?, ?, ?, ?, ?),(?, ?, ?, ?, ?, ?, ?, ?),(?, ?, ?, ?, ?, ?, ?, ?),(?, ?, ?, ?, ?, ?, ?, ?),(?, ?, ?, ?, ?, ?, ?, ?),(?, ?, ?, ?, ?, ?, ?, ?),(?, ?, ?, ?, ?, ?, ?, ?),(?, ?, ?, ?, ?, ?, ?, ?),(?, ?, ?, ?, ?, ?, ?, ?),(?, ?, ?, ?, ?, ?, ?, ?),(?, ?, ?, ?, ?, ?, ?, ?),(?, ?, ?, ?, ?, ?, ?, ?),(?, ?, ?, ?, ?, ?, ?, ?),(?, ?, ?, ?, ?, ?, ?, ?),(?, ?, ?, ?, ?, ?, ?, ?),(?, ?, ?, ?, ?, ?, ?, ?),(?, ?, ?, ?, ?, ?, ?, ?),(?, ?, ?, ?, ?, ?, ?, ?),(?, ?, ?, ?, ?, ?, ?, ?),(?, ?, ?, ?, ?, ?, ?, ?),(?, ?, ?, ?, ?, ?, ?, ?),(?, ?, ?, ?, ?, ?, ?, ?),(?, ?, ?, ?, ?, ?, ?, ?),(?, ?, ?, ?, ?, ?, ?, ?),(?, ?, ?, ?, ?, ?, ?, ?),(?, ?, ?, ?, ?, ?, ?, ?),(?, ?, ?, ?, ?, ?, ?, ?),(?, ?, ?, ?, ?, ?, ?, ?),(?, ?, ?, ?, ?, ?, ?, ?),(?, ?, ?, ?, ?, ?, ?, ?),(?, ?, ?, ?, ?, ?, ?, ?),(?, ?, ?, ?, ?, ?, ?, ?),(?, ?, ?, ?, ?, ?, ?, ?),(?, ?, ?, ?, ?, ?, ?, ?
-	2	86.145	43.072	5.859	80.286	0.017	ExecContext INSERT INTO player_score (id, tenant_id, player_id, competition_id, score, row_num, created_at, updated_at) VALUES (?, ?, ?, ?, ?, ?, ?, ?),(?, ?, ?, ?, ?, ?, ?, ?),(?, ?, ?, ?, ?, ?, ?, ?),(?, ?, ?, ?, ?, ?, ?, ?),(?, ?, ?, ?, ?, ?, ?, ?),(?, ?, ?, ?, ?, ?, ?, ?),(?, ?, ?, ?, ?, ?, ?, ?),(?, ?, ?, ?, ?, ?, ?, ?),(?, ?, ?, ?, ?, ?, ?, ?),(?, ?, ?, ?, ?, ?, ?, ?),(?, ?, ?, ?, ?, ?, ?, ?),(?, ?, ?, ?, ?, ?, ?, ?),(?, ?, ?, ?, ?, ?, ?, ?),(?, ?, ?, ?, ?, ?, ?, ?),(?, ?, ?, ?, ?, ?, ?, ?),(?, ?, ?, ?, ?, ?, ?, ?),(?, ?, ?, ?, ?, ?, ?, ?),(?, ?, ?, ?, ?, ?, ?, ?),(?, ?, ?, ?, ?, ?, ?, ?),(?, ?, ?, ?, ?, ?, ?, ?),(?, ?, ?, ?, ?, ?, ?, ?),(?, ?, ?, ?, ?, ?, ?, ?),(?, ?, ?, ?, ?, ?, ?, ?),(?, ?, ?, ?, ?, ?, ?, ?),(?, ?, ?, ?, ?, ?, ?, ?),(?, ?, ?, ?, ?, ?, ?, ?),(?, ?, ?, ?, ?, ?, ?, ?),(?, ?, ?, ?, ?, ?, ?, ?),(?, ?, ?, ?, ?, ?, ?, ?),(?, ?, ?, ?, ?, ?, ?, ?),(?, ?, ?, ?, ?, ?, ?, ?),(?, ?, ?, ?, ?, ?, ?, ?),(?, ?, ?, ?, ?, ?, ?, ?),(?, ?, ?, ?, ?, ?, ?, ?),(?, ?, ?, ?, ?, ?, ?, ?
-	4	25.178	6.294	5.980	6.509	0.034	ExecContext INSERT INTO player_score (id, tenant_id, player_id, competition_id, score, row_num, created_at, updated_at) VALUES (?, ?, ?, ?, ?, ?, ?, ?),(?, ?, ?, ?, ?, ?, ?, ?),(?, ?, ?, ?, ?, ?, ?, ?),(?, ?, ?, ?, ?, ?, ?, ?),(?, ?, ?, ?, ?, ?, ?, ?),(?, ?, ?, ?, ?, ?, ?, ?),(?, ?, ?, ?, ?, ?, ?, ?),(?, ?, ?, ?, ?, ?, ?, ?),(?, ?, ?, ?, ?, ?, ?, ?),(?, ?, ?, ?, ?, ?, ?, ?),(?, ?, ?, ?, ?, ?, ?, ?),(?, ?, ?, ?, ?, ?, ?, ?),(?, ?, ?, ?, ?, ?, ?, ?),(?, ?, ?, ?, ?, ?, ?, ?),(?, ?, ?, ?, ?, ?, ?, ?),(?, ?, ?, ?, ?, ?, ?, ?),(?, ?, ?, ?, ?, ?, ?, ?),(?, ?, ?, ?, ?, ?, ?, ?),(?, ?, ?, ?, ?, ?, ?, ?),(?, ?, ?, ?, ?, ?, ?, ?),(?, ?, ?, ?, ?, ?, ?, ?),(?, ?, ?, ?, ?, ?, ?, ?),(?, ?, ?, ?, ?, ?, ?, ?),(?, ?, ?, ?, ?, ?, ?, ?),(?, ?, ?, ?, ?, ?, ?, ?),(?, ?, ?, ?, ?, ?, ?, ?),(?, ?, ?, ?, ?, ?, ?, ?),(?, ?, ?, ?, ?, ?, ?, ?),(?, ?, ?, ?, ?, ?, ?, ?),(?, ?, ?, ?, ?, ?, ?, ?),(?, ?, ?, ?, ?, ?, ?, ?),(?, ?, ?, ?, ?, ?, ?, ?),(?, ?, ?, ?, ?, ?, ?, ?),(?, ?, ?, ?, ?, ?, ?, ?),(?, ?, ?, ?, ?, ?, ?, ?
-	66	25.000	0.378	0.000	25.000	0.568	flockByTenantID(v.tenantID)
-	1	19.135	19.135	19.135	19.135	0.008	ExecContext INSERT INTO player_score (id, tenant_id, player_id, competition_id, score, row_num, created_at, updated_at) VALUES (?, ?, ?, ?, ?, ?, ?, ?),(?, ?, ?, ?, ?, ?, ?, ?),(?, ?, ?, ?, ?, ?, ?, ?),(?, ?, ?, ?, ?, ?, ?, ?),(?, ?, ?, ?, ?, ?, ?, ?),(?, ?, ?, ?, ?, ?, ?, ?),(?, ?, ?, ?, ?, ?, ?, ?),(?, ?, ?, ?, ?, ?, ?, ?),(?, ?, ?, ?, ?, ?, ?, ?),(?, ?, ?, ?, ?, ?, ?, ?),(?, ?, ?, ?, ?, ?, ?, ?),(?, ?, ?, ?, ?, ?, ?, ?),(?, ?, ?, ?, ?, ?, ?, ?),(?, ?, ?, ?, ?, ?, ?, ?),(?, ?, ?, ?, ?, ?, ?, ?),(?, ?, ?, ?, ?, ?, ?, ?),(?, ?, ?, ?, ?, ?, ?, ?),(?, ?, ?, ?, ?, ?, ?, ?),(?, ?, ?, ?, ?, ?, ?, ?),(?, ?, ?, ?, ?, ?, ?, ?),(?, ?, ?, ?, ?, ?, ?, ?),(?, ?, ?, ?, ?, ?, ?, ?),(?, ?, ?, ?, ?, ?, ?, ?),(?, ?, ?, ?, ?, ?, ?, ?),(?, ?, ?, ?, ?, ?, ?, ?)
-	2	18.674	9.337	7.331	11.342	0.017	ExecContext INSERT INTO player_score (id, tenant_id, player_id, competition_id, score, row_num, created_at, updated_at) VALUES (?, ?, ?, ?, ?, ?, ?, ?),(?, ?, ?, ?, ?, ?, ?, ?),(?, ?, ?, ?, ?, ?, ?, ?),(?, ?, ?, ?, ?, ?, ?, ?),(?, ?, ?, ?, ?, ?, ?, ?),(?, ?, ?, ?, ?, ?, ?, ?),(?, ?, ?, ?, ?, ?, ?, ?),(?, ?, ?, ?, ?, ?, ?, ?),(?, ?, ?, ?, ?, ?, ?, ?),(?, ?, ?, ?, ?, ?, ?, ?),(?, ?, ?, ?, ?, ?, ?, ?),(?, ?, ?, ?, ?, ?, ?, ?),(?, ?, ?, ?, ?, ?, ?, ?),(?, ?, ?, ?, ?, ?, ?, ?),(?, ?, ?, ?, ?, ?, ?, ?),(?, ?, ?, ?, ?, ?, ?, ?),(?, ?, ?, ?, ?, ?, ?, ?),(?, ?, ?, ?, ?, ?, ?, ?),(?, ?, ?, ?, ?, ?, ?, ?),(?, ?, ?, ?, ?, ?, ?, ?),(?, ?, ?, ?, ?, ?, ?, ?),(?, ?, ?, ?, ?, ?, ?, ?),(?, ?, ?, ?, ?, ?, ?, ?),(?, ?, ?, ?, ?, ?, ?, ?),(?, ?, ?, ?, ?, ?, ?, ?),(?, ?, ?, ?, ?, ?, ?, ?),(?, ?, ?, ?, ?, ?, ?, ?),(?, ?, ?, ?, ?, ?, ?, ?),(?, ?, ?, ?, ?, ?, ?, ?),(?, ?, ?, ?, ?, ?, ?, ?),(?, ?, ?, ?, ?, ?, ?, ?),(?, ?, ?, ?, ?, ?, ?, ?),(?, ?, ?, ?, ?, ?, ?, ?),(?, ?, ?, ?, ?, ?, ?, ?),(?, ?, ?, ?, ?, ?, ?, ?
-	2	16.590	8.295	8.011	8.579	0.017	ExecContext INSERT INTO player_score (id, tenant_id, player_id, competition_id, score, row_num, created_at, updated_at) VALUES (?, ?, ?, ?, ?, ?, ?, ?),(?, ?, ?, ?, ?, ?, ?, ?),(?, ?, ?, ?, ?, ?, ?, ?),(?, ?, ?, ?, ?, ?, ?, ?),(?, ?, ?, ?, ?, ?, ?, ?),(?, ?, ?, ?, ?, ?, ?, ?),(?, ?, ?, ?, ?, ?, ?, ?),(?, ?, ?, ?, ?, ?, ?, ?),(?, ?, ?, ?, ?, ?, ?, ?),(?, ?, ?, ?, ?, ?, ?, ?),(?, ?, ?, ?, ?, ?, ?, ?),(?, ?, ?, ?, ?, ?, ?, ?),(?, ?, ?, ?, ?, ?, ?, ?),(?, ?, ?, ?, ?, ?, ?, ?),(?, ?, ?, ?, ?, ?, ?, ?),(?, ?, ?, ?, ?, ?, ?, ?),(?, ?, ?, ?, ?, ?, ?, ?),(?, ?, ?, ?, ?, ?, ?, ?),(?, ?, ?, ?, ?, ?, ?, ?),(?, ?, ?, ?, ?, ?, ?, ?),(?, ?, ?, ?, ?, ?, ?, ?),(?, ?, ?, ?, ?, ?, ?, ?),(?, ?, ?, ?, ?, ?, ?, ?),(?, ?, ?, ?, ?, ?, ?, ?),(?, ?, ?, ?, ?, ?, ?, ?),(?, ?, ?, ?, ?, ?, ?, ?),(?, ?, ?, ?, ?, ?, ?, ?),(?, ?, ?, ?, ?, ?, ?, ?),(?, ?, ?, ?, ?, ?, ?, ?),(?, ?, ?, ?, ?, ?, ?, ?),(?, ?, ?, ?, ?, ?, ?, ?),(?, ?, ?, ?, ?, ?, ?, ?),(?, ?, ?, ?, ?, ?, ?, ?),(?, ?, ?, ?, ?, ?, ?, ?),(?, ?, ?, ?, ?, ?, ?, ?
-	66	13.682	0.207	0.124	1.904	0.568	Connect 
-	2	12.223	6.111	5.182	7.041	0.017	ExecContext INSERT INTO player_score (id, tenant_id, player_id, competition_id, score, row_num, created_at, updated_at) VALUES (?, ?, ?, ?, ?, ?, ?, ?),(?, ?, ?, ?, ?, ?, ?, ?),(?, ?, ?, ?, ?, ?, ?, ?),(?, ?, ?, ?, ?, ?, ?, ?),(?, ?, ?, ?, ?, ?, ?, ?),(?, ?, ?, ?, ?, ?, ?, ?),(?, ?, ?, ?, ?, ?, ?, ?),(?, ?, ?, ?, ?, ?, ?, ?),(?, ?, ?, ?, ?, ?, ?, ?),(?, ?, ?, ?, ?, ?, ?, ?),(?, ?, ?, ?, ?, ?, ?, ?),(?, ?, ?, ?, ?, ?, ?, ?),(?, ?, ?, ?, ?, ?, ?, ?),(?, ?, ?, ?, ?, ?, ?, ?),(?, ?, ?, ?, ?, ?, ?, ?),(?, ?, ?, ?, ?, ?, ?, ?),(?, ?, ?, ?, ?, ?, ?, ?),(?, ?, ?, ?, ?, ?, ?, ?),(?, ?, ?, ?, ?, ?, ?, ?),(?, ?, ?, ?, ?, ?, ?, ?),(?, ?, ?, ?, ?, ?, ?, ?),(?, ?, ?, ?, ?, ?, ?, ?),(?, ?, ?, ?, ?, ?, ?, ?),(?, ?, ?, ?, ?, ?, ?, ?),(?, ?, ?, ?, ?, ?, ?, ?),(?, ?, ?, ?, ?, ?, ?, ?),(?, ?, ?, ?, ?, ?, ?, ?),(?, ?, ?, ?, ?, ?, ?, ?),(?, ?, ?, ?, ?, ?, ?, ?),(?, ?, ?, ?, ?, ?, ?, ?),(?, ?, ?, ?, ?, ?, ?, ?),(?, ?, ?, ?, ?, ?, ?, ?),(?, ?, ?, ?, ?, ?, ?, ?),(?, ?, ?, ?, ?, ?, ?, ?),(?, ?, ?, ?, ?, ?, ?, ?
-	2	12.115	6.057	5.469	6.645	0.017	ExecContext INSERT INTO player_score (id, tenant_id, player_id, competition_id, score, row_num, created_at, updated_at) VALUES (?, ?, ?, ?, ?, ?, ?, ?),(?, ?, ?, ?, ?, ?, ?, ?),(?, ?, ?, ?, ?, ?, ?, ?),(?, ?, ?, ?, ?, ?, ?, ?),(?, ?, ?, ?, ?, ?, ?, ?),(?, ?, ?, ?, ?, ?, ?, ?),(?, ?, ?, ?, ?, ?, ?, ?),(?, ?, ?, ?, ?, ?, ?, ?),(?, ?, ?, ?, ?, ?, ?, ?),(?, ?, ?, ?, ?, ?, ?, ?),(?, ?, ?, ?, ?, ?, ?, ?),(?, ?, ?, ?, ?, ?, ?, ?),(?, ?, ?, ?, ?, ?, ?, ?),(?, ?, ?, ?, ?, ?, ?, ?),(?, ?, ?, ?, ?, ?, ?, ?),(?, ?, ?, ?, ?, ?, ?, ?),(?, ?, ?, ?, ?, ?, ?, ?),(?, ?, ?, ?, ?, ?, ?, ?),(?, ?, ?, ?, ?, ?, ?, ?),(?, ?, ?, ?, ?, ?, ?, ?),(?, ?, ?, ?, ?, ?, ?, ?),(?, ?, ?, ?, ?, ?, ?, ?),(?, ?, ?, ?, ?, ?, ?, ?),(?, ?, ?, ?, ?, ?, ?, ?),(?, ?, ?, ?, ?, ?, ?, ?),(?, ?, ?, ?, ?, ?, ?, ?),(?, ?, ?, ?, ?, ?, ?, ?),(?, ?, ?, ?, ?, ?, ?, ?),(?, ?, ?, ?, ?, ?, ?, ?),(?, ?, ?, ?, ?, ?, ?, ?),(?, ?, ?, ?, ?, ?, ?, ?),(?, ?, ?, ?, ?, ?, ?, ?),(?, ?, ?, ?, ?, ?, ?, ?),(?, ?, ?, ?, ?, ?, ?, ?),(?, ?, ?, ?, ?, ?, ?, ?
-	1	9.069	9.069	9.069	9.069	0.008	ExecContext INSERT INTO player_score (id, tenant_id, player_id, competition_id, score, row_num, created_at, updated_at) VALUES (?, ?, ?, ?, ?, ?, ?, ?),(?, ?, ?, ?, ?, ?, ?, ?),(?, ?, ?, ?, ?, ?, ?, ?),(?, ?, ?, ?, ?, ?, ?, ?),(?, ?, ?, ?, ?, ?, ?, ?),(?, ?, ?, ?, ?, ?, ?, ?),(?, ?, ?, ?, ?, ?, ?, ?),(?, ?, ?, ?, ?, ?, ?, ?),(?, ?, ?, ?, ?, ?, ?, ?),(?, ?, ?, ?, ?, ?, ?, ?),(?, ?, ?, ?, ?, ?, ?, ?),(?, ?, ?, ?, ?, ?, ?, ?),(?, ?, ?, ?, ?, ?, ?, ?),(?, ?, ?, ?, ?, ?, ?, ?),(?, ?, ?, ?, ?, ?, ?, ?),(?, ?, ?, ?, ?, ?, ?, ?),(?, ?, ?, ?, ?, ?, ?, ?),(?, ?, ?, ?, ?, ?, ?, ?),(?, ?, ?, ?, ?, ?, ?, ?),(?, ?, ?, ?, ?, ?, ?, ?),(?, ?, ?, ?, ?, ?, ?, ?),(?, ?, ?, ?, ?, ?, ?, ?),(?, ?, ?, ?, ?, ?, ?, ?),(?, ?, ?, ?, ?, ?, ?, ?),(?, ?, ?, ?, ?, ?, ?, ?),(?, ?, ?, ?, ?, ?, ?, ?),(?, ?, ?, ?, ?, ?, ?, ?),(?, ?, ?, ?, ?, ?, ?, ?),(?, ?, ?, ?, ?, ?, ?, ?),(?, ?, ?, ?, ?, ?, ?, ?),(?, ?, ?, ?, ?, ?, ?, ?),(?, ?, ?, ?, ?, ?, ?, ?),(?, ?, ?, ?, ?, ?, ?, ?),(?, ?, ?, ?, ?, ?, ?, ?),(?, ?, ?, ?, ?, ?, ?, ?
-	1	7.913	7.913	7.913	7.913	0.008	ExecContext INSERT INTO player_score (id, tenant_id, player_id, competition_id, score, row_num, created_at, updated_at) VALUES (?, ?, ?, ?, ?, ?, ?, ?),(?, ?, ?, ?, ?, ?, ?, ?),(?, ?, ?, ?, ?, ?, ?, ?),(?, ?, ?, ?, ?, ?, ?, ?),(?, ?, ?, ?, ?, ?, ?, ?),(?, ?, ?, ?, ?, ?, ?, ?),(?, ?, ?, ?, ?, ?, ?, ?),(?, ?, ?, ?, ?, ?, ?, ?),(?, ?, ?, ?, ?, ?, ?, ?),(?, ?, ?, ?, ?, ?, ?, ?),(?, ?, ?, ?, ?, ?, ?, ?),(?, ?, ?, ?, ?, ?, ?, ?),(?, ?, ?, ?, ?, ?, ?, ?),(?, ?, ?, ?, ?, ?, ?, ?),(?, ?, ?, ?, ?, ?, ?, ?),(?, ?, ?, ?, ?, ?, ?, ?),(?, ?, ?, ?, ?, ?, ?, ?),(?, ?, ?, ?, ?, ?, ?, ?),(?, ?, ?, ?, ?, ?, ?, ?),(?, ?, ?, ?, ?, ?, ?, ?),(?, ?, ?, ?, ?, ?, ?, ?),(?, ?, ?, ?, ?, ?, ?, ?),(?, ?, ?, ?, ?, ?, ?, ?),(?, ?, ?, ?, ?, ?, ?, ?),(?, ?, ?, ?, ?, ?, ?, ?),(?, ?, ?, ?, ?, ?, ?, ?),(?, ?, ?, ?, ?, ?, ?, ?),(?, ?, ?, ?, ?, ?, ?, ?),(?, ?, ?, ?, ?, ?, ?, ?),(?, ?, ?, ?, ?, ?, ?, ?),(?, ?, ?, ?, ?, ?, ?, ?),(?, ?, ?, ?, ?, ?, ?, ?),(?, ?, ?, ?, ?, ?, ?, ?),(?, ?, ?, ?, ?, ?, ?, ?),(?, ?, ?, ?, ?, ?, ?, ?
-	1	6.819	6.819	6.819	6.819	0.008	ExecContext INSERT INTO player_score (id, tenant_id, player_id, competition_id, score, row_num, created_at, updated_at) VALUES (?, ?, ?, ?, ?, ?, ?, ?),(?, ?, ?, ?, ?, ?, ?, ?),(?, ?, ?, ?, ?, ?, ?, ?),(?, ?, ?, ?, ?, ?, ?, ?),(?, ?, ?, ?, ?, ?, ?, ?),(?, ?, ?, ?, ?, ?, ?, ?),(?, ?, ?, ?, ?, ?, ?, ?),(?, ?, ?, ?, ?, ?, ?, ?),(?, ?, ?, ?, ?, ?, ?, ?),(?, ?, ?, ?, ?, ?, ?, ?),(?, ?, ?, ?, ?, ?, ?, ?),(?, ?, ?, ?, ?, ?, ?, ?),(?, ?, ?, ?, ?, ?, ?, ?),(?, ?, ?, ?, ?, ?, ?, ?),(?, ?, ?, ?, ?, ?, ?, ?),(?, ?, ?, ?, ?, ?, ?, ?),(?, ?, ?, ?, ?, ?, ?, ?),(?, ?, ?, ?, ?, ?, ?, ?),(?, ?, ?, ?, ?, ?, ?, ?),(?, ?, ?, ?, ?, ?, ?, ?),(?, ?, ?, ?, ?, ?, ?, ?),(?, ?, ?, ?, ?, ?, ?, ?),(?, ?, ?, ?, ?, ?, ?, ?),(?, ?, ?, ?, ?, ?, ?, ?),(?, ?, ?, ?, ?, ?, ?, ?),(?, ?, ?, ?, ?, ?, ?, ?),(?, ?, ?, ?, ?, ?, ?, ?),(?, ?, ?, ?, ?, ?, ?, ?),(?, ?, ?, ?, ?, ?, ?, ?),(?, ?, ?, ?, ?, ?, ?, ?),(?, ?, ?, ?, ?, ?, ?, ?),(?, ?, ?, ?, ?, ?, ?, ?),(?, ?, ?, ?, ?, ?, ?, ?),(?, ?, ?, ?, ?, ?, ?, ?),(?, ?, ?, ?, ?, ?, ?, ?
-	66	1.055	0.015	0.011	0.036	0.568	QueryContext SELECT * FROM competition WHERE id = ?
GET /api/organizer/players	71	2,024.943	28.520	1.093	423.487	-	-
- sql total time	-	22.685	-	-	-	-	-
-	48	16.117	0.335	0.118	4.433	0.676	Connect 
-	20	5.647	0.282	0.218	0.670	0.281	QueryContext SELECT * FROM tenant WHERE name = ?
-	48	0.920	0.019	0.013	0.060	0.676	QueryContext SELECT * FROM player WHERE tenant_id=? ORDER BY created_at DESC
GET /api/player/competitions	376	1,218.134	3.239	0.399	30.129	-	-
- sql total time	-	351.088	-	-	-	-	-
-	251	338.217	1.347	0.110	11.768	0.667	Connect 
-	251	8.176	0.032	0.010	3.344	0.667	QueryContext SELECT * FROM player WHERE id = ?
-	237	4.457	0.018	0.011	0.054	0.630	QueryContext SELECT * FROM competition WHERE tenant_id=? ORDER BY created_at DESC
-	1	0.237	0.237	0.237	0.237	0.002	QueryContext SELECT * FROM tenant WHERE name = ?
POST /api/organizer/competitions/add	92	1,002.367	10.895	0.528	137.762	-	-
- sql total time	-	449.870	-	-	-	-	-
-	49	438.764	8.954	4.251	137.331	0.532	ExecContext INSERT INTO competition (id, tenant_id, title, finished_at, created_at, updated_at) VALUES (?, ?, ?, ?, ?, ?)
-	49	10.519	0.214	0.126	3.266	0.532	Connect 
-	2	0.586	0.293	0.280	0.306	0.021	QueryContext SELECT * FROM tenant WHERE name = ?
POST /api/organizer/competition/:competition_id/finish	90	630.675	7.007	1.205	105.349	-	-
- sql total time	-	288.457	-	-	-	-	-
-	47	272.893	5.806	4.162	18.295	0.522	ExecContext UPDATE competition SET finished_at = ?, updated_at = ? WHERE id = ?
-	47	13.449	0.286	0.130	6.010	0.522	Connect 
-	47	2.115	0.045	0.011	1.400	0.522	QueryContext SELECT * FROM competition WHERE id = ?
POST /api/admin/tenants/add	11	436.031	39.639	0.199	114.261	-	-
- sql total time	-	24.480	-	-	-	-	-
-	7	22.415	3.202	2.231	4.847	0.636	ExecContext INSERT INTO tenant (name, display_name, created_at, updated_at) VALUES (?, ?, ?, ?)
-	2	2.064	1.032	0.649	1.415	0.181	Connect 
POST /api/organizer/player/:player_id/disqualified	21	134.732	6.415	1.242	16.971	-	-
- sql total time	-	98.836	-	-	-	-	-
-	15	96.363	6.424	4.419	15.902	0.714	ExecContext UPDATE player SET is_disqualified = ?, updated_at = ? WHERE id = ?
-	15	2.174	0.144	0.123	0.205	0.714	Connect 
-	15	0.297	0.019	0.016	0.025	0.714	QueryContext SELECT * FROM player WHERE id = ?
GET /api/organizer/competitions	1	0.458	0.458	0.458	0.458	-	-
- sql total time	-	0.145	-	-	-	-	-
-	1	0.130	0.130	0.130	0.130	1.000	Connect 
-	1	0.015	0.015	0.015	0.015	1.000	QueryContext SELECT * FROM competition WHERE tenant_id=? ORDER BY created_at DESC
unknown	0	0.000	0.000	0.000	0.000	-	-
- sql total time	-	828.351	-	-	-	-	-
-	6083	828.351	0.136	0.016	65.305	0.000	Close 
request							
GET /api/player/player/:player_id	6080	267,097.322	43.930	0.445	1,381.532	-	-
GET /api/player/competition/:competition_id/ranking	3023	149,308.492	49.390	0.446	1,290.967	-	-
GET /api/admin/tenants/billing	21	105,036.786	5,001.751	2,230.608	12,167.934	-	-
POST /api/organizer/players/add	23	18,574.541	807.588	10.228	1,073.914	-	-
GET /api/organizer/billing	66	8,333.827	126.270	1.400	822.824	-	-
POST /initialize	1	5,050.330	5,050.330	5,050.330	5,050.330	-	-
POST /api/organizer/competition/:competition_id/score	116	3,745.133	32.285	0.948	154.073	-	-
GET /api/organizer/players	71	2,024.943	28.520	1.093	423.487	-	-
GET /api/player/competitions	376	1,218.134	3.239	0.399	30.129	-	-
POST /api/organizer/competitions/add	92	1,002.367	10.895	0.528	137.762	-	-
POST /api/organizer/competition/:competition_id/finish	90	630.675	7.007	1.205	105.349	-	-
POST /api/admin/tenants/add	11	436.031	39.639	0.199	114.261	-	-
POST /api/organizer/player/:player_id/disqualified	21	134.732	6.415	1.242	16.971	-	-
GET /api/organizer/competitions	1	0.458	0.458	0.458	0.458	-	-
unknown	0	0.000	0.000	0.000	0.000	-	-
sql							
-	1042	53,804.376	51.635	0.281	8,441.412	-	QueryContext SELECT player_id, MIN(created_at) AS min_created_at FROM visit_history WHERE tenant_id = ? AND competition_id = ? GROUP BY player_id
-	1622	17,654.615	10.884	0.213	455.965	-	QueryContext SELECT * FROM visit_history WHERE tenant_id = ? AND competition_id = ? AND player_id = ?
-	5138	4,294.000	0.835	0.000	71.000	-	flockByTenantID(v.tenantID)
-	6100	3,301.812	0.541	0.101	116.980	-	Connect 
-	479	3,116.491	6.506	0.726	35.672	-	ExecContext INSERT INTO visit_history (player_id, tenant_id, competition_id, created_at, updated_at) VALUES (?, ?, ?, ?, ?)
-	383	2,558.647	6.680	3.810	75.912	-	ExecContext INSERT INTO player (id, tenant_id, display_name, is_disqualified, created_at, updated_at) VALUES (?, ?, ?, ?, ?, ?)
-	1622	2,207.979	1.361	0.167	31.485	-	QueryContext SELECT * FROM tenant WHERE id = ?
-	6083	828.351	0.136	0.016	65.305	-	Close 
-	49	438.764	8.954	4.251	137.331	-	ExecContext INSERT INTO competition (id, tenant_id, title, finished_at, created_at, updated_at) VALUES (?, ?, ?, ?, ?, ?)
-	21913	341.500	0.015	0.006	12.417	-	QueryContext SELECT * FROM player WHERE id = ?
-	30	312.075	10.402	6.116	20.043	-	ExecContext INSERT INTO player_score (id, tenant_id, player_id, competition_id, score, row_num, created_at, updated_at) VALUES (?, ?, ?, ?, ?, ?, ?, ?),(?, ?, ?, ?, ?, ?, ?, ?),(?, ?, ?, ?, ?, ?, ?, ?),(?, ?, ?, ?, ?, ?, ?, ?),(?, ?, ?, ?, ?, ?, ?, ?),(?, ?, ?, ?, ?, ?, ?, ?),(?, ?, ?, ?, ?, ?, ?, ?),(?, ?, ?, ?, ?, ?, ?, ?),(?, ?, ?, ?, ?, ?, ?, ?),(?, ?, ?, ?, ?, ?, ?, ?),(?, ?, ?, ?, ?, ?, ?, ?),(?, ?, ?, ?, ?, ?, ?, ?),(?, ?, ?, ?, ?, ?, ?, ?),(?, ?, ?, ?, ?, ?, ?, ?),(?, ?, ?, ?, ?, ?, ?, ?),(?, ?, ?, ?, ?, ?, ?, ?),(?, ?, ?, ?, ?, ?, ?, ?),(?, ?, ?, ?, ?, ?, ?, ?),(?, ?, ?, ?, ?, ?, ?, ?),(?, ?, ?, ?, ?, ?, ?, ?),(?, ?, ?, ?, ?, ?, ?, ?),(?, ?, ?, ?, ?, ?, ?, ?),(?, ?, ?, ?, ?, ?, ?, ?),(?, ?, ?, ?, ?, ?, ?, ?),(?, ?, ?, ?, ?, ?, ?, ?),(?, ?, ?, ?, ?, ?, ?, ?),(?, ?, ?, ?, ?, ?, ?, ?),(?, ?, ?, ?, ?, ?, ?, ?),(?, ?, ?, ?, ?, ?, ?, ?),(?, ?, ?, ?, ?, ?, ?, ?),(?, ?, ?, ?, ?, ?, ?, ?),(?, ?, ?, ?, ?, ?, ?, ?),(?, ?, ?, ?, ?, ?, ?, ?),(?, ?, ?, ?, ?, ?, ?, ?),(?, ?, ?, ?, ?, ?, ?, ?),(?, ?, ?, ?, ?, ?, ?, ?),(?, ?, ?, ?, ?, ?, ?, ?),(?, ?, ?, ?, ?, ?, ?, ?),(?, ?, ?, ?, ?, ?, ?, ?),(?, ?, ?, ?, ?, ?, ?, ?),(?, ?, ?, ?, ?, ?, ?, ?),(?, ?, ?, ?, ?, ?, ?, ?),(?, ?, ?, ?, ?, ?, ?, ?),(?, ?, ?, ?, ?, ?, ?, ?),(?, ?, ?, ?, ?, ?, ?, ?),(?, ?, ?, ?, ?, ?, ?, ?),(?, ?, ?, ?, ?, ?, ?, ?),(?, ?, ?, ?, ?, ?, ?, ?),(?, ?, ?, ?, ?, ?, ?, ?),(?, ?, ?, ?, ?, ?, ?, ?),(?, ?, ?, ?, ?, ?, ?, ?),(?, ?, ?, ?, ?, ?, ?, ?),(?, ?, ?, ?, ?, ?, ?, ?),(?, ?, ?, ?, ?, ?, ?, ?),(?, ?, ?, ?, ?, ?, ?, ?),(?, ?, ?, ?, ?, ?, ?, ?),(?, ?, ?, ?, ?, ?, ?, ?),(?, ?, ?, ?, ?, ?, ?, ?),(?, ?, ?, ?, ?, ?, ?, ?),(?, ?, ?, ?, ?, ?, ?, ?),(?, ?, ?, ?, ?, ?, ?, ?),(?, ?, ?, ?, ?, ?, ?, ?),(?, ?, ?, ?, ?, ?, ?, ?),(?, ?, ?, ?, ?, ?, ?, ?),(?, ?, ?, ?, ?, ?, ?, ?),(?, ?, ?, ?, ?, ?, ?, ?),(?, ?, ?, ?, ?, ?, ?, ?),(?, ?, ?, ?, ?, ?, ?, ?),(?, ?, ?, ?, ?, ?, ?, ?),(?, ?, ?, ?, ?, ?, ?, ?),(?, ?, ?, ?, ?, ?, ?, ?),(?, ?, ?, ?, ?, ?, ?, ?),(?, ?, ?, ?, ?, ?, ?, ?),(?, ?, ?, ?, ?, ?, ?, ?),(?, ?, ?, ?, ?, ?, ?, ?),(?, ?, ?, ?, ?, ?, ?, ?),(?, ?, ?, ?, ?, ?, ?, ?),(?, ?, ?, ?, ?, ?, ?, ?),(?, ?, ?, ?, ?, ?, ?, ?),(?, ?, ?, ?, ?, ?, ?, ?),(?, ?, ?, ?, ?, ?, ?, ?),(?, ?, ?, ?, ?, ?, ?, ?),(?, ?, ?, ?, ?, ?, ?, ?),(?, ?, ?, ?, ?, ?, ?, ?),(?, ?, ?, ?, ?, ?, ?, ?),(?, ?, ?, ?, ?, ?, ?, ?),(?, ?, ?, ?, ?, ?, ?, ?),(?, ?, ?, ?, ?, ?, ?, ?),(?, ?, ?, ?, ?, ?, ?, ?),(?, ?, ?, ?, ?, ?, ?, ?),(?, ?, ?, ?, ?, ?, ?, ?),(?, ?, ?, ?, ?, ?, ?, ?),(?, ?, ?, ?, ?, ?, ?, ?),(?, ?, ?, ?, ?, ?, ?, ?),(?, ?, ?, ?, ?, ?, ?, ?),(?, ?, ?, ?, ?, ?, ?, ?),(?, ?, ?, ?, ?, ?, ?, ?),(?, ?, ?, ?, ?, ?, ?, ?),(?, ?, ?, ?, ?, ?, ?, ?),(?, ?, ?, ?, ?, ?, ?, ?),(?, ?, ?, ?, ?, ?, ?, ?),(?, ?, ?, ?, ?, ?, ?, ?),(?, ?, ?, ?, ?, ?, ?, ?),(?, ?, ?, ?, ?, ?, ?, ?),(?, ?, ?, ?, ?, ?, ?, ?),(?, ?, ?, ?, ?, ?, ?, ?),(?, ?, ?, ?, ?, ?, ?, ?),(?, ?, ?, ?, ?, ?, ?, ?),(?, ?, ?, ?, ?, ?, ?, ?),(?, ?, ?, ?, ?, ?, ?, ?),(?, ?, ?, ?, ?, ?, ?, ?),(?, ?, ?, ?, ?, ?, ?, ?),(?, ?, ?, ?, ?, ?, ?, ?),(?, ?, ?, ?, ?, ?, ?, ?),(?, ?, ?, ?, ?, ?, ?, ?),(?, ?, ?, ?, ?, ?, ?, ?),(?, ?, ?, ?, ?, ?, ?, ?),(?, ?, ?, ?, ?, ?, ?, ?),(?, ?, ?, ?, ?, ?, ?, ?),(?, ?, ?, ?, ?, ?, ?, ?),(?, ?, ?, ?, ?, ?, ?, ?),(?, ?, ?, ?, ?, ?, ?, ?),(?, ?, ?, ?, ?, ?, ?, ?),(?, ?, ?, ?, ?, ?, ?, ?),(?, ?, ?, ?, ?, ?, ?, ?),(?, ?, ?, ?, ?, ?, ?, ?),(?, ?, ?, ?, ?, ?, ?, ?),(?, ?, ?, ?, ?, ?, ?, ?),(?, ?, ?, ?, ?, ?, ?, ?),(?, ?, ?, ?, ?, ?, ?, ?),(?, ?, ?, ?, ?, ?, ?, ?),(?, ?, ?, ?, ?, ?, ?, ?),(?, ?, ?, ?, ?, ?, ?, ?),(?, ?, ?, ?, ?, ?, ?, ?),(?, ?, ?, ?, ?, ?, ?, ?),(?, ?, ?, ?, ?, ?, ?, ?),(?, ?, ?, ?, ?, ?, ?, ?),(?, ?, ?, ?, ?, ?, ?, ?),(?, ?, ?, ?, ?, ?, ?, ?),(?, ?, ?, ?, ?, ?, ?, ?),(?, ?, ?, ?, ?, ?, ?, ?),(?, ?, ?, ?, ?, ?, ?, ?),(?, ?, ?, ?, ?, ?, ?, ?),(?, ?, ?, ?, ?, ?, ?, ?),(?, ?, ?, ?, ?, ?, ?, ?),(?, ?, ?, ?, ?, ?, ?, ?),(?, ?, ?, ?, ?, ?, ?, ?),(?, ?, ?, ?, ?, ?, ?, ?),(?, ?, ?, ?, ?, ?, ?, ?),(?, ?, ?, ?, ?, ?, ?, ?),(?, ?, ?, ?, ?, ?, ?, ?),(?, ?, ?, ?, ?, ?, ?, ?),(?, ?, ?, ?, ?, ?, ?, ?),(?, ?, ?, ?, ?, ?, ?, ?),(?, ?, ?, ?, ?, ?, ?, ?),(?, ?, ?, ?, ?, ?, ?, ?),(?, ?, ?, ?, ?, ?, ?, ?),(?, ?, ?, ?, ?, ?, ?, ?),(?, ?, ?, ?, ?, ?, ?, ?),(?, ?, ?, ?, ?, ?, ?, ?),(?, ?, ?, ?, ?, ?, ?, ?),(?, ?, ?, ?, ?, ?, ?, ?),(?, ?, ?, ?, ?, ?, ?, ?),(?, ?, ?, ?, ?, ?, ?, ?),(?, ?, ?, ?, ?, ?, ?, ?),(?, ?, ?, ?, ?, ?, ?, ?),(?, ?, ?, ?, ?, ?, ?, ?),(?, ?, ?, ?, ?, ?, ?, ?),(?, ?, ?, ?, ?, ?, ?, ?),(?, ?, ?, ?, ?, ?, ?, ?),(?, ?, ?, ?, ?, ?, ?, ?),(?, ?, ?, ?, ?, ?, ?, ?),(?, ?, ?, ?, ?, ?, ?, ?),(?, ?, ?, ?, ?, ?, ?, ?),(?, ?, ?, ?, ?, ?, ?, ?),(?, ?, ?, ?, ?, ?, ?, ?),(?, ?, ?, ?, ?, ?, ?, ?),(?, ?, ?, ?, ?, ?, ?, ?),(?, ?, ?, ?, ?, ?, ?, ?),(?, ?, ?, ?, ?, ?, ?, ?),(?, ?, ?, ?, ?, ?, ?, ?),(?, ?, ?, ?, ?, ?, ?, ?),(?, ?, ?, ?, ?, ?, ?, ?),(?, ?, ?, ?, ?, ?, ?, ?),(?, ?, ?, ?, ?, ?, ?, ?),(?, ?, ?, ?, ?, ?, ?, ?),(?, ?, ?, ?, ?, ?, ?, ?),(?, ?, ?, ?, ?, ?, ?, ?),(?, ?, ?, ?, ?, ?, ?, ?),(?, ?, ?, ?, ?, ?, ?, ?),(?, ?, ?, ?, ?, ?, ?, ?),(?, ?, ?, ?, ?, ?, ?, ?),(?, ?, ?, ?, ?, ?, ?, ?),(?, ?, ?, ?, ?, ?, ?, ?),(?, ?, ?, ?, ?, ?, ?, ?),(?, ?, ?, ?, ?, ?, ?, ?),(?, ?, ?, ?, ?, ?, ?, ?),(?, ?, ?, ?, ?, ?, ?, ?),(?, ?, ?, ?, ?, ?, ?, ?),(?, ?, ?, ?, ?, ?, ?, ?),(?, ?, ?, ?, ?, ?, ?, ?),(?, ?, ?, ?, ?, ?, ?, ?),(?, ?, ?, ?, ?, ?, ?, ?),(?, ?, ?, ?, ?, ?, ?, ?),(?, ?, ?, ?, ?, ?, ?, ?),(?, ?, ?, ?, ?, ?, ?, ?),(?, ?, ?, ?, ?, ?, ?, ?),(?, ?, ?, ?, ?, ?, ?, ?),(?, ?, ?, ?, ?, ?, ?, ?),(?, ?, ?, ?, ?, ?, ?, ?),(?, ?, ?, ?, ?, ?, ?, ?),(?, ?, ?, ?, ?, ?, ?, ?),(?, ?, ?, ?, ?, ?, ?, ?),(?, ?, ?, ?, ?, ?, ?, ?),(?, ?, ?, ?, ?, ?, ?, ?),(?, ?, ?, ?, ?, ?, ?, ?),(?, ?, ?, ?, ?, ?, ?, ?),(?, ?, ?, ?, ?, ?, ?, ?),(?, ?, ?, ?, ?, ?, ?, ?),(?, ?, ?, ?, ?, ?, ?, ?),(?, ?, ?, ?, ?, ?, ?, ?),(?, ?, ?, ?, ?, ?, ?, ?),(?, ?, ?, ?, ?, ?, ?, ?),(?, ?, ?, ?, ?, ?, ?, ?),(?, ?, ?, ?, ?, ?, ?, ?),(?, ?, ?, ?, ?, ?, ?, ?),(?, ?, ?, ?, ?, ?, ?, ?),(?, ?, ?, ?, ?, ?, ?, ?),(?, ?, ?, ?, ?, ?, ?, ?),(?, ?, ?, ?, ?, ?, ?, ?),(?, ?, ?, ?, ?, ?, ?, ?),(?, ?, ?, ?, ?, ?, ?, ?),(?, ?, ?, ?, ?, ?, ?, ?),(?, ?, ?, ?, ?, ?, ?, ?),(?, ?, ?, ?, ?, ?, ?, ?),(?, ?, ?, ?, ?, ?, ?, ?),(?, ?, ?, ?, ?, ?, ?, ?),(?, ?, ?, ?, ?, ?, ?, ?),(?, ?, ?, ?, ?, ?, ?, ?),(?, ?, ?, ?, ?, ?, ?, ?),(?, ?, ?, ?, ?, ?, ?, ?),(?, ?, ?, ?, ?, ?, ?, ?),(?, ?, ?, ?, ?, ?, ?, ?),(?, ?, ?, ?, ?, ?, ?, ?),(?, ?, ?, ?, ?, ?, ?, ?),(?, ?, ?, ?, ?, ?, ?, ?),(?, ?, ?, ?, ?, ?, ?, ?),(?, ?, ?, ?, ?, ?, ?, ?),(?, ?, ?, ?, ?, ?, ?, ?),(?, ?, ?, ?, ?, ?, ?, ?),(?, ?, ?, ?, ?, ?, ?, ?),(?, ?, ?, ?, ?, ?, ?, ?),(?, ?, ?, ?, ?, ?, ?, ?),(?, ?, ?, ?, ?, ?, ?, ?),(?, ?, ?, ?, ?, ?, ?, ?),(?, ?, ?, ?, ?, ?, ?, ?),(?, ?, ?, ?, ?, ?, ?, ?),(?, ?, ?, ?, ?, ?, ?, ?),(?, ?, ?, ?, ?, ?, ?, ?),(?, ?, ?, ?, ?, ?, ?, ?),(?, ?, ?, ?, ?, ?, ?, ?),(?, ?, ?, ?, ?, ?, ?, ?),(?, ?, ?, ?, ?, ?, ?, ?),(?, ?, ?, ?, ?, ?, ?, ?),(?, ?, ?, ?, ?, ?, ?, ?),(?, ?, ?, ?, ?, ?, ?, ?),(?, ?, ?, ?, ?, ?, ?, ?),(?, ?, ?, ?, ?, ?, ?, ?),(?, ?, ?, ?, ?, ?, ?, ?),(?, ?, ?, ?, ?, ?, ?, ?),(?, ?, ?, ?, ?, ?, ?, ?),(?, ?, ?, ?, ?, ?, ?, ?),(?, ?, ?, ?, ?, ?, ?, ?),(?, ?, ?, ?, ?, ?, ?, ?),(?, ?, ?, ?, ?, ?, ?, ?),(?, ?, ?, ?, ?, ?, ?, ?),(?, ?, ?, ?, ?, ?, ?, ?),(?, ?, ?, ?, ?, ?, ?, ?),(?, ?, ?, ?, ?, ?, ?, ?),(?, ?, ?, ?, ?, ?, ?, ?),(?, ?, ?, ?, ?, ?, ?, ?),(?, ?, ?, ?, ?, ?, ?, ?)
-	3822	290.122	0.075	0.042	9.084	-	"QueryContext SELECT player_score.score, competition.title FROM player_score INNER JOIN (
			SELECT competition_id, max(row_num) AS row_num FROM player_score WHERE tenant_id = ? AND player_id = ? GROUP BY competition_id
		) AS c ON (
			player_score.row_num = c.row_num
			AND player_score.competition_id = c.competition_id
			AND player_score.tenant_id = ? AND player_score.player_id = ?
		)
		INNER JOIN competition ON (
			competition.id = player_score.competition_id
		)
		ORDER BY competition.created_at ASC
		"
-	47	272.893	5.806	4.162	18.295	-	ExecContext UPDATE competition SET finished_at = ?, updated_at = ? WHERE id = ?
-	66	213.530	3.235	0.032	13.097	-	ExecContext DELETE FROM player_score WHERE tenant_id = ? AND competition_id = ?
-	18	135.370	7.520	5.471	16.291	-	ExecContext INSERT INTO player_score (id, tenant_id, player_id, competition_id, score, row_num, created_at, updated_at) VALUES (?, ?, ?, ?, ?, ?, ?, ?),(?, ?, ?, ?, ?, ?, ?, ?),(?, ?, ?, ?, ?, ?, ?, ?),(?, ?, ?, ?, ?, ?, ?, ?),(?, ?, ?, ?, ?, ?, ?, ?),(?, ?, ?, ?, ?, ?, ?, ?),(?, ?, ?, ?, ?, ?, ?, ?),(?, ?, ?, ?, ?, ?, ?, ?),(?, ?, ?, ?, ?, ?, ?, ?),(?, ?, ?, ?, ?, ?, ?, ?),(?, ?, ?, ?, ?, ?, ?, ?),(?, ?, ?, ?, ?, ?, ?, ?),(?, ?, ?, ?, ?, ?, ?, ?),(?, ?, ?, ?, ?, ?, ?, ?),(?, ?, ?, ?, ?, ?, ?, ?),(?, ?, ?, ?, ?, ?, ?, ?),(?, ?, ?, ?, ?, ?, ?, ?),(?, ?, ?, ?, ?, ?, ?, ?),(?, ?, ?, ?, ?, ?, ?, ?),(?, ?, ?, ?, ?, ?, ?, ?),(?, ?, ?, ?, ?, ?, ?, ?),(?, ?, ?, ?, ?, ?, ?, ?),(?, ?, ?, ?, ?, ?, ?, ?),(?, ?, ?, ?, ?, ?, ?, ?),(?, ?, ?, ?, ?, ?, ?, ?),(?, ?, ?, ?, ?, ?, ?, ?),(?, ?, ?, ?, ?, ?, ?, ?),(?, ?, ?, ?, ?, ?, ?, ?),(?, ?, ?, ?, ?, ?, ?, ?),(?, ?, ?, ?, ?, ?, ?, ?),(?, ?, ?, ?, ?, ?, ?, ?),(?, ?, ?, ?, ?, ?, ?, ?),(?, ?, ?, ?, ?, ?, ?, ?),(?, ?, ?, ?, ?, ?, ?, ?),(?, ?, ?, ?, ?, ?, ?, ?),(?, ?, ?, ?, ?, ?, ?, ?),(?, ?, ?, ?, ?, ?, ?, ?),(?, ?, ?, ?, ?, ?, ?, ?),(?, ?, ?, ?, ?, ?, ?, ?),(?, ?, ?, ?, ?, ?, ?, ?),(?, ?, ?, ?, ?, ?, ?, ?),(?, ?, ?, ?, ?, ?, ?, ?),(?, ?, ?, ?, ?, ?, ?, ?),(?, ?, ?, ?, ?, ?, ?, ?),(?, ?, ?, ?, ?, ?, ?, ?),(?, ?, ?, ?, ?, ?, ?, ?),(?, ?, ?, ?, ?, ?, ?, ?),(?, ?, ?, ?, ?, ?, ?, ?),(?, ?, ?, ?, ?, ?, ?, ?),(?, ?, ?, ?, ?, ?, ?, ?),(?, ?, ?, ?, ?, ?, ?, ?),(?, ?, ?, ?, ?, ?, ?, ?),(?, ?, ?, ?, ?, ?, ?, ?),(?, ?, ?, ?, ?, ?, ?, ?),(?, ?, ?, ?, ?, ?, ?, ?),(?, ?, ?, ?, ?, ?, ?, ?),(?, ?, ?, ?, ?, ?, ?, ?),(?, ?, ?, ?, ?, ?, ?, ?),(?, ?, ?, ?, ?, ?, ?, ?),(?, ?, ?, ?, ?, ?, ?, ?),(?, ?, ?, ?, ?, ?, ?, ?),(?, ?, ?, ?, ?, ?, ?, ?),(?, ?, ?, ?, ?, ?, ?, ?),(?, ?, ?, ?, ?, ?, ?, ?),(?, ?, ?, ?, ?, ?, ?, ?),(?, ?, ?, ?, ?, ?, ?, ?),(?, ?, ?, ?, ?, ?, ?, ?),(?, ?, ?, ?, ?, ?, ?, ?),(?, ?, ?, ?, ?, ?, ?, ?),(?, ?, ?, ?, ?, ?, ?, ?),(?, ?, ?, ?, ?, ?, ?, ?),(?, ?, ?, ?, ?, ?, ?, ?),(?, ?, ?, ?, ?, ?, ?, ?),(?, ?, ?, ?, ?, ?, ?, ?),(?, ?, ?, ?, ?, ?, ?, ?),(?, ?, ?, ?, ?, ?, ?, ?),(?, ?, ?, ?, ?, ?, ?, ?),(?, ?, ?, ?, ?, ?, ?, ?),(?, ?, ?, ?, ?, ?, ?, ?),(?, ?, ?, ?, ?, ?, ?, ?),(?, ?, ?, ?, ?, ?, ?, ?),(?, ?, ?, ?, ?, ?, ?, ?),(?, ?, ?, ?, ?, ?, ?, ?),(?, ?, ?, ?, ?, ?, ?, ?),(?, ?, ?, ?, ?, ?, ?, ?),(?, ?, ?, ?, ?, ?, ?, ?),(?, ?, ?, ?, ?, ?, ?, ?),(?, ?, ?, ?, ?, ?, ?, ?),(?, ?, ?, ?, ?, ?, ?, ?),(?, ?, ?, ?, ?, ?, ?, ?),(?, ?, ?, ?, ?, ?, ?, ?),(?, ?, ?, ?, ?, ?, ?, ?),(?, ?, ?, ?, ?, ?, ?, ?),(?, ?, ?, ?, ?, ?, ?, ?),(?, ?, ?, ?, ?, ?, ?, ?),(?, ?, ?, ?, ?, ?, ?, ?),(?, ?, ?, ?, ?, ?, ?, ?),(?, ?, ?, ?, ?, ?, ?, ?),(?, ?, ?, ?, ?, ?, ?, ?),(?, ?, ?, ?, ?, ?, ?, ?)
-	210	100.380	0.478	0.057	26.537	-	"QueryContext SELECT player_score.*, display_name FROM player_score INNER JOIN (
			SELECT player_id, max(row_num) AS row_num FROM player_score WHERE tenant_id = ? AND competition_id = ? GROUP BY player_id
		) AS c ON (
			player_score.player_id = c.player_id
			AND player_score.row_num = c.row_num
			AND player_score.tenant_id = ? AND player_score.competition_id = ?
		)
		INNER JOIN player ON (
			player.id = player_score.player_id
		)
		ORDER BY player_score.score DESC, player_score.row_num ASC
		"
-	15	96.363	6.424	4.419	15.902	-	ExecContext UPDATE player SET is_disqualified = ?, updated_at = ? WHERE id = ?
-	2	86.145	43.072	5.859	80.286	-	ExecContext INSERT INTO player_score (id, tenant_id, player_id, competition_id, score, row_num, created_at, updated_at) VALUES (?, ?, ?, ?, ?, ?, ?, ?),(?, ?, ?, ?, ?, ?, ?, ?),(?, ?, ?, ?, ?, ?, ?, ?),(?, ?, ?, ?, ?, ?, ?, ?),(?, ?, ?, ?, ?, ?, ?, ?),(?, ?, ?, ?, ?, ?, ?, ?),(?, ?, ?, ?, ?, ?, ?, ?),(?, ?, ?, ?, ?, ?, ?, ?),(?, ?, ?, ?, ?, ?, ?, ?),(?, ?, ?, ?, ?, ?, ?, ?),(?, ?, ?, ?, ?, ?, ?, ?),(?, ?, ?, ?, ?, ?, ?, ?),(?, ?, ?, ?, ?, ?, ?, ?),(?, ?, ?, ?, ?, ?, ?, ?),(?, ?, ?, ?, ?, ?, ?, ?),(?, ?, ?, ?, ?, ?, ?, ?),(?, ?, ?, ?, ?, ?, ?, ?),(?, ?, ?, ?, ?, ?, ?, ?),(?, ?, ?, ?, ?, ?, ?, ?),(?, ?, ?, ?, ?, ?, ?, ?),(?, ?, ?, ?, ?, ?, ?, ?),(?, ?, ?, ?, ?, ?, ?, ?),(?, ?, ?, ?, ?, ?, ?, ?),(?, ?, ?, ?, ?, ?, ?, ?),(?, ?, ?, ?, ?, ?, ?, ?),(?, ?, ?, ?, ?, ?, ?, ?),(?, ?, ?, ?, ?, ?, ?, ?),(?, ?, ?, ?, ?, ?, ?, ?),(?, ?, ?, ?, ?, ?, ?, ?),(?, ?, ?, ?, ?, ?, ?, ?),(?, ?, ?, ?, ?, ?, ?, ?),(?, ?, ?, ?, ?, ?, ?, ?),(?, ?, ?, ?, ?, ?, ?, ?),(?, ?, ?, ?, ?, ?, ?, ?),(?, ?, ?, ?, ?, ?, ?, ?),(?, ?, ?, ?, ?, ?, ?, ?),(?, ?, ?, ?, ?, ?, ?, ?),(?, ?, ?, ?, ?, ?, ?, ?),(?, ?, ?, ?, ?, ?, ?, ?),(?, ?, ?, ?, ?, ?, ?, ?),(?, ?, ?, ?, ?, ?, ?, ?),(?, ?, ?, ?, ?, ?, ?, ?),(?, ?, ?, ?, ?, ?, ?, ?),(?, ?, ?, ?, ?, ?, ?, ?),(?, ?, ?, ?, ?, ?, ?, ?),(?, ?, ?, ?, ?, ?, ?, ?),(?, ?, ?, ?, ?, ?, ?, ?),(?, ?, ?, ?, ?, ?, ?, ?),(?, ?, ?, ?, ?, ?, ?, ?),(?, ?, ?, ?, ?, ?, ?, ?),(?, ?, ?, ?, ?, ?, ?, ?),(?, ?, ?, ?, ?, ?, ?, ?),(?, ?, ?, ?, ?, ?, ?, ?),(?, ?, ?, ?, ?, ?, ?, ?),(?, ?, ?, ?, ?, ?, ?, ?),(?, ?, ?, ?, ?, ?, ?, ?),(?, ?, ?, ?, ?, ?, ?, ?),(?, ?, ?, ?, ?, ?, ?, ?),(?, ?, ?, ?, ?, ?, ?, ?),(?, ?, ?, ?, ?, ?, ?, ?),(?, ?, ?, ?, ?, ?, ?, ?),(?, ?, ?, ?, ?, ?, ?, ?),(?, ?, ?, ?, ?, ?, ?, ?),(?, ?, ?, ?, ?, ?, ?, ?),(?, ?, ?, ?, ?, ?, ?, ?),(?, ?, ?, ?, ?, ?, ?, ?),(?, ?, ?, ?, ?, ?, ?, ?),(?, ?, ?, ?, ?, ?, ?, ?),(?, ?, ?, ?, ?, ?, ?, ?),(?, ?, ?, ?, ?, ?, ?, ?),(?, ?, ?, ?, ?, ?, ?, ?),(?, ?, ?, ?, ?, ?, ?, ?),(?, ?, ?, ?, ?, ?, ?, ?),(?, ?, ?, ?, ?, ?, ?, ?),(?, ?, ?, ?, ?, ?, ?, ?),(?, ?, ?, ?, ?, ?, ?, ?),(?, ?, ?, ?, ?, ?, ?, ?),(?, ?, ?, ?, ?, ?, ?, ?),(?, ?, ?, ?, ?, ?, ?, ?),(?, ?, ?, ?, ?, ?, ?, ?),(?, ?, ?, ?, ?, ?, ?, ?),(?, ?, ?, ?, ?, ?, ?, ?),(?, ?, ?, ?, ?, ?, ?, ?),(?, ?, ?, ?, ?, ?, ?, ?),(?, ?, ?, ?, ?, ?, ?, ?),(?, ?, ?, ?, ?, ?, ?, ?),(?, ?, ?, ?, ?, ?, ?, ?),(?, ?, ?, ?, ?, ?, ?, ?),(?, ?, ?, ?, ?, ?, ?, ?),(?, ?, ?, ?, ?, ?, ?, ?),(?, ?, ?, ?, ?, ?, ?, ?),(?, ?, ?, ?, ?, ?, ?, ?),(?, ?, ?, ?, ?, ?, ?, ?),(?, ?, ?, ?, ?, ?, ?, ?)
-	3323	67.193	0.020	0.006	4.057	-	QueryContext SELECT * FROM competition WHERE id = ?
-	1040	31.432	0.030	0.016	1.330	-	QueryContext SELECT DISTINCT(player_id) FROM player_score WHERE tenant_id = ? AND competition_id = ?
-	4	25.178	6.294	5.980	6.509	-	ExecContext INSERT INTO player_score (id, tenant_id, player_id, competition_id, score, row_num, created_at, updated_at) VALUES (?, ?, ?, ?, ?, ?, ?, ?),(?, ?, ?, ?, ?, ?, ?, ?),(?, ?, ?, ?, ?, ?, ?, ?),(?, ?, ?, ?, ?, ?, ?, ?),(?, ?, ?, ?, ?, ?, ?, ?),(?, ?, ?, ?, ?, ?, ?, ?),(?, ?, ?, ?, ?, ?, ?, ?),(?, ?, ?, ?, ?, ?, ?, ?),(?, ?, ?, ?, ?, ?, ?, ?),(?, ?, ?, ?, ?, ?, ?, ?),(?, ?, ?, ?, ?, ?, ?, ?),(?, ?, ?, ?, ?, ?, ?, ?),(?, ?, ?, ?, ?, ?, ?, ?),(?, ?, ?, ?, ?, ?, ?, ?),(?, ?, ?, ?, ?, ?, ?, ?),(?, ?, ?, ?, ?, ?, ?, ?),(?, ?, ?, ?, ?, ?, ?, ?),(?, ?, ?, ?, ?, ?, ?, ?),(?, ?, ?, ?, ?, ?, ?, ?),(?, ?, ?, ?, ?, ?, ?, ?),(?, ?, ?, ?, ?, ?, ?, ?),(?, ?, ?, ?, ?, ?, ?, ?),(?, ?, ?, ?, ?, ?, ?, ?),(?, ?, ?, ?, ?, ?, ?, ?),(?, ?, ?, ?, ?, ?, ?, ?),(?, ?, ?, ?, ?, ?, ?, ?),(?, ?, ?, ?, ?, ?, ?, ?),(?, ?, ?, ?, ?, ?, ?, ?),(?, ?, ?, ?, ?, ?, ?, ?),(?, ?, ?, ?, ?, ?, ?, ?),(?, ?, ?, ?, ?, ?, ?, ?),(?, ?, ?, ?, ?, ?, ?, ?),(?, ?, ?, ?, ?, ?, ?, ?),(?, ?, ?, ?, ?, ?, ?, ?),(?, ?, ?, ?, ?, ?, ?, ?),(?, ?, ?, ?, ?, ?, ?, ?),(?, ?, ?, ?, ?, ?, ?, ?),(?, ?, ?, ?, ?, ?, ?, ?),(?, ?, ?, ?, ?, ?, ?, ?),(?, ?, ?, ?, ?, ?, ?, ?),(?, ?, ?, ?, ?, ?, ?, ?),(?, ?, ?, ?, ?, ?, ?, ?),(?, ?, ?, ?, ?, ?, ?, ?),(?, ?, ?, ?, ?, ?, ?, ?),(?, ?, ?, ?, ?, ?, ?, ?),(?, ?, ?, ?, ?, ?, ?, ?),(?, ?, ?, ?, ?, ?, ?, ?),(?, ?, ?, ?, ?, ?, ?, ?),(?, ?, ?, ?, ?, ?, ?, ?),(?, ?, ?, ?, ?, ?, ?, ?),(?, ?, ?, ?, ?, ?, ?, ?),(?, ?, ?, ?, ?, ?, ?, ?),(?, ?, ?, ?, ?, ?, ?, ?),(?, ?, ?, ?, ?, ?, ?, ?),(?, ?, ?, ?, ?, ?, ?, ?),(?, ?, ?, ?, ?, ?, ?, ?),(?, ?, ?, ?, ?, ?, ?, ?),(?, ?, ?, ?, ?, ?, ?, ?),(?, ?, ?, ?, ?, ?, ?, ?),(?, ?, ?, ?, ?, ?, ?, ?),(?, ?, ?, ?, ?, ?, ?, ?),(?, ?, ?, ?, ?, ?, ?, ?),(?, ?, ?, ?, ?, ?, ?, ?),(?, ?, ?, ?, ?, ?, ?, ?),(?, ?, ?, ?, ?, ?, ?, ?),(?, ?, ?, ?, ?, ?, ?, ?),(?, ?, ?, ?, ?, ?, ?, ?),(?, ?, ?, ?, ?, ?, ?, ?),(?, ?, ?, ?, ?, ?, ?, ?),(?, ?, ?, ?, ?, ?, ?, ?),(?, ?, ?, ?, ?, ?, ?, ?),(?, ?, ?, ?, ?, ?, ?, ?),(?, ?, ?, ?, ?, ?, ?, ?),(?, ?, ?, ?, ?, ?, ?, ?),(?, ?, ?, ?, ?, ?, ?, ?)
-	7	22.415	3.202	2.231	4.847	-	ExecContext INSERT INTO tenant (name, display_name, created_at, updated_at) VALUES (?, ?, ?, ?)
-	1	19.135	19.135	19.135	19.135	-	ExecContext INSERT INTO player_score (id, tenant_id, player_id, competition_id, score, row_num, created_at, updated_at) VALUES (?, ?, ?, ?, ?, ?, ?, ?),(?, ?, ?, ?, ?, ?, ?, ?),(?, ?, ?, ?, ?, ?, ?, ?),(?, ?, ?, ?, ?, ?, ?, ?),(?, ?, ?, ?, ?, ?, ?, ?),(?, ?, ?, ?, ?, ?, ?, ?),(?, ?, ?, ?, ?, ?, ?, ?),(?, ?, ?, ?, ?, ?, ?, ?),(?, ?, ?, ?, ?, ?, ?, ?),(?, ?, ?, ?, ?, ?, ?, ?),(?, ?, ?, ?, ?, ?, ?, ?),(?, ?, ?, ?, ?, ?, ?, ?),(?, ?, ?, ?, ?, ?, ?, ?),(?, ?, ?, ?, ?, ?, ?, ?),(?, ?, ?, ?, ?, ?, ?, ?),(?, ?, ?, ?, ?, ?, ?, ?),(?, ?, ?, ?, ?, ?, ?, ?),(?, ?, ?, ?, ?, ?, ?, ?),(?, ?, ?, ?, ?, ?, ?, ?),(?, ?, ?, ?, ?, ?, ?, ?),(?, ?, ?, ?, ?, ?, ?, ?),(?, ?, ?, ?, ?, ?, ?, ?),(?, ?, ?, ?, ?, ?, ?, ?),(?, ?, ?, ?, ?, ?, ?, ?),(?, ?, ?, ?, ?, ?, ?, ?)
-	2	18.674	9.337	7.331	11.342	-	ExecContext INSERT INTO player_score (id, tenant_id, player_id, competition_id, score, row_num, created_at, updated_at) VALUES (?, ?, ?, ?, ?, ?, ?, ?),(?, ?, ?, ?, ?, ?, ?, ?),(?, ?, ?, ?, ?, ?, ?, ?),(?, ?, ?, ?, ?, ?, ?, ?),(?, ?, ?, ?, ?, ?, ?, ?),(?, ?, ?, ?, ?, ?, ?, ?),(?, ?, ?, ?, ?, ?, ?, ?),(?, ?, ?, ?, ?, ?, ?, ?),(?, ?, ?, ?, ?, ?, ?, ?),(?, ?, ?, ?, ?, ?, ?, ?),(?, ?, ?, ?, ?, ?, ?, ?),(?, ?, ?, ?, ?, ?, ?, ?),(?, ?, ?, ?, ?, ?, ?, ?),(?, ?, ?, ?, ?, ?, ?, ?),(?, ?, ?, ?, ?, ?, ?, ?),(?, ?, ?, ?, ?, ?, ?, ?),(?, ?, ?, ?, ?, ?, ?, ?),(?, ?, ?, ?, ?, ?, ?, ?),(?, ?, ?, ?, ?, ?, ?, ?),(?, ?, ?, ?, ?, ?, ?, ?),(?, ?, ?, ?, ?, ?, ?, ?),(?, ?, ?, ?, ?, ?, ?, ?),(?, ?, ?, ?, ?, ?, ?, ?),(?, ?, ?, ?, ?, ?, ?, ?),(?, ?, ?, ?, ?, ?, ?, ?),(?, ?, ?, ?, ?, ?, ?, ?),(?, ?, ?, ?, ?, ?, ?, ?),(?, ?, ?, ?, ?, ?, ?, ?),(?, ?, ?, ?, ?, ?, ?, ?),(?, ?, ?, ?, ?, ?, ?, ?),(?, ?, ?, ?, ?, ?, ?, ?),(?, ?, ?, ?, ?, ?, ?, ?),(?, ?, ?, ?, ?, ?, ?, ?),(?, ?, ?, ?, ?, ?, ?, ?),(?, ?, ?, ?, ?, ?, ?, ?),(?, ?, ?, ?, ?, ?, ?, ?),(?, ?, ?, ?, ?, ?, ?, ?),(?, ?, ?, ?, ?, ?, ?, ?),(?, ?, ?, ?, ?, ?, ?, ?),(?, ?, ?, ?, ?, ?, ?, ?),(?, ?, ?, ?, ?, ?, ?, ?),(?, ?, ?, ?, ?, ?, ?, ?),(?, ?, ?, ?, ?, ?, ?, ?),(?, ?, ?, ?, ?, ?, ?, ?),(?, ?, ?, ?, ?, ?, ?, ?),(?, ?, ?, ?, ?, ?, ?, ?),(?, ?, ?, ?, ?, ?, ?, ?),(?, ?, ?, ?, ?, ?, ?, ?),(?, ?, ?, ?, ?, ?, ?, ?),(?, ?, ?, ?, ?, ?, ?, ?),(?, ?, ?, ?, ?, ?, ?, ?),(?, ?, ?, ?, ?, ?, ?, ?),(?, ?, ?, ?, ?, ?, ?, ?),(?, ?, ?, ?, ?, ?, ?, ?),(?, ?, ?, ?, ?, ?, ?, ?),(?, ?, ?, ?, ?, ?, ?, ?),(?, ?, ?, ?, ?, ?, ?, ?),(?, ?, ?, ?, ?, ?, ?, ?),(?, ?, ?, ?, ?, ?, ?, ?),(?, ?, ?, ?, ?, ?, ?, ?),(?, ?, ?, ?, ?, ?, ?, ?),(?, ?, ?, ?, ?, ?, ?, ?),(?, ?, ?, ?, ?, ?, ?, ?),(?, ?, ?, ?, ?, ?, ?, ?),(?, ?, ?, ?, ?, ?, ?, ?),(?, ?, ?, ?, ?, ?, ?, ?),(?, ?, ?, ?, ?, ?, ?, ?),(?, ?, ?, ?, ?, ?, ?, ?),(?, ?, ?, ?, ?, ?, ?, ?),(?, ?, ?, ?, ?, ?, ?, ?),(?, ?, ?, ?, ?, ?, ?, ?),(?, ?, ?, ?, ?, ?, ?, ?),(?, ?, ?, ?, ?, ?, ?, ?),(?, ?, ?, ?, ?, ?, ?, ?),(?, ?, ?, ?, ?, ?, ?, ?),(?, ?, ?, ?, ?, ?, ?, ?),(?, ?, ?, ?, ?, ?, ?, ?),(?, ?, ?, ?, ?, ?, ?, ?),(?, ?, ?, ?, ?, ?, ?, ?),(?, ?, ?, ?, ?, ?, ?, ?),(?, ?, ?, ?, ?, ?, ?, ?),(?, ?, ?, ?, ?, ?, ?, ?),(?, ?, ?, ?, ?, ?, ?, ?),(?, ?, ?, ?, ?, ?, ?, ?),(?, ?, ?, ?, ?, ?, ?, ?),(?, ?, ?, ?, ?, ?, ?, ?),(?, ?, ?, ?, ?, ?, ?, ?),(?, ?, ?, ?, ?, ?, ?, ?),(?, ?, ?, ?, ?, ?, ?, ?),(?, ?, ?, ?, ?, ?, ?, ?),(?, ?, ?, ?, ?, ?, ?, ?),(?, ?, ?, ?, ?, ?, ?, ?),(?, ?, ?, ?, ?, ?, ?, ?),(?, ?, ?, ?, ?, ?, ?, ?),(?, ?, ?, ?, ?, ?, ?, ?),(?, ?, ?, ?, ?, ?, ?, ?),(?, ?, ?, ?, ?, ?, ?, ?),(?, ?, ?, ?, ?, ?, ?, ?),(?, ?, ?, ?, ?, ?, ?, ?)
-	2	16.590	8.295	8.011	8.579	-	ExecContext INSERT INTO player_score (id, tenant_id, player_id, competition_id, score, row_num, created_at, updated_at) VALUES (?, ?, ?, ?, ?, ?, ?, ?),(?, ?, ?, ?, ?, ?, ?, ?),(?, ?, ?, ?, ?, ?, ?, ?),(?, ?, ?, ?, ?, ?, ?, ?),(?, ?, ?, ?, ?, ?, ?, ?),(?, ?, ?, ?, ?, ?, ?, ?),(?, ?, ?, ?, ?, ?, ?, ?),(?, ?, ?, ?, ?, ?, ?, ?),(?, ?, ?, ?, ?, ?, ?, ?),(?, ?, ?, ?, ?, ?, ?, ?),(?, ?, ?, ?, ?, ?, ?, ?),(?, ?, ?, ?, ?, ?, ?, ?),(?, ?, ?, ?, ?, ?, ?, ?),(?, ?, ?, ?, ?, ?, ?, ?),(?, ?, ?, ?, ?, ?, ?, ?),(?, ?, ?, ?, ?, ?, ?, ?),(?, ?, ?, ?, ?, ?, ?, ?),(?, ?, ?, ?, ?, ?, ?, ?),(?, ?, ?, ?, ?, ?, ?, ?),(?, ?, ?, ?, ?, ?, ?, ?),(?, ?, ?, ?, ?, ?, ?, ?),(?, ?, ?, ?, ?, ?, ?, ?),(?, ?, ?, ?, ?, ?, ?, ?),(?, ?, ?, ?, ?, ?, ?, ?),(?, ?, ?, ?, ?, ?, ?, ?),(?, ?, ?, ?, ?, ?, ?, ?),(?, ?, ?, ?, ?, ?, ?, ?),(?, ?, ?, ?, ?, ?, ?, ?),(?, ?, ?, ?, ?, ?, ?, ?),(?, ?, ?, ?, ?, ?, ?, ?),(?, ?, ?, ?, ?, ?, ?, ?),(?, ?, ?, ?, ?, ?, ?, ?),(?, ?, ?, ?, ?, ?, ?, ?),(?, ?, ?, ?, ?, ?, ?, ?),(?, ?, ?, ?, ?, ?, ?, ?),(?, ?, ?, ?, ?, ?, ?, ?),(?, ?, ?, ?, ?, ?, ?, ?),(?, ?, ?, ?, ?, ?, ?, ?),(?, ?, ?, ?, ?, ?, ?, ?),(?, ?, ?, ?, ?, ?, ?, ?),(?, ?, ?, ?, ?, ?, ?, ?),(?, ?, ?, ?, ?, ?, ?, ?),(?, ?, ?, ?, ?, ?, ?, ?),(?, ?, ?, ?, ?, ?, ?, ?),(?, ?, ?, ?, ?, ?, ?, ?),(?, ?, ?, ?, ?, ?, ?, ?),(?, ?, ?, ?, ?, ?, ?, ?),(?, ?, ?, ?, ?, ?, ?, ?),(?, ?, ?, ?, ?, ?, ?, ?),(?, ?, ?, ?, ?, ?, ?, ?),(?, ?, ?, ?, ?, ?, ?, ?),(?, ?, ?, ?, ?, ?, ?, ?),(?, ?, ?, ?, ?, ?, ?, ?),(?, ?, ?, ?, ?, ?, ?, ?),(?, ?, ?, ?, ?, ?, ?, ?),(?, ?, ?, ?, ?, ?, ?, ?),(?, ?, ?, ?, ?, ?, ?, ?),(?, ?, ?, ?, ?, ?, ?, ?),(?, ?, ?, ?, ?, ?, ?, ?),(?, ?, ?, ?, ?, ?, ?, ?),(?, ?, ?, ?, ?, ?, ?, ?),(?, ?, ?, ?, ?, ?, ?, ?),(?, ?, ?, ?, ?, ?, ?, ?),(?, ?, ?, ?, ?, ?, ?, ?),(?, ?, ?, ?, ?, ?, ?, ?),(?, ?, ?, ?, ?, ?, ?, ?),(?, ?, ?, ?, ?, ?, ?, ?),(?, ?, ?, ?, ?, ?, ?, ?),(?, ?, ?, ?, ?, ?, ?, ?),(?, ?, ?, ?, ?, ?, ?, ?),(?, ?, ?, ?, ?, ?, ?, ?),(?, ?, ?, ?, ?, ?, ?, ?),(?, ?, ?, ?, ?, ?, ?, ?),(?, ?, ?, ?, ?, ?, ?, ?),(?, ?, ?, ?, ?, ?, ?, ?),(?, ?, ?, ?, ?, ?, ?, ?)
-	2	12.223	6.111	5.182	7.041	-	ExecContext INSERT INTO player_score (id, tenant_id, player_id, competition_id, score, row_num, created_at, updated_at) VALUES (?, ?, ?, ?, ?, ?, ?, ?),(?, ?, ?, ?, ?, ?, ?, ?),(?, ?, ?, ?, ?, ?, ?, ?),(?, ?, ?, ?, ?, ?, ?, ?),(?, ?, ?, ?, ?, ?, ?, ?),(?, ?, ?, ?, ?, ?, ?, ?),(?, ?, ?, ?, ?, ?, ?, ?),(?, ?, ?, ?, ?, ?, ?, ?),(?, ?, ?, ?, ?, ?, ?, ?),(?, ?, ?, ?, ?, ?, ?, ?),(?, ?, ?, ?, ?, ?, ?, ?),(?, ?, ?, ?, ?, ?, ?, ?),(?, ?, ?, ?, ?, ?, ?, ?),(?, ?, ?, ?, ?, ?, ?, ?),(?, ?, ?, ?, ?, ?, ?, ?),(?, ?, ?, ?, ?, ?, ?, ?),(?, ?, ?, ?, ?, ?, ?, ?),(?, ?, ?, ?, ?, ?, ?, ?),(?, ?, ?, ?, ?, ?, ?, ?),(?, ?, ?, ?, ?, ?, ?, ?),(?, ?, ?, ?, ?, ?, ?, ?),(?, ?, ?, ?, ?, ?, ?, ?),(?, ?, ?, ?, ?, ?, ?, ?),(?, ?, ?, ?, ?, ?, ?, ?),(?, ?, ?, ?, ?, ?, ?, ?),(?, ?, ?, ?, ?, ?, ?, ?),(?, ?, ?, ?, ?, ?, ?, ?),(?, ?, ?, ?, ?, ?, ?, ?),(?, ?, ?, ?, ?, ?, ?, ?),(?, ?, ?, ?, ?, ?, ?, ?),(?, ?, ?, ?, ?, ?, ?, ?),(?, ?, ?, ?, ?, ?, ?, ?),(?, ?, ?, ?, ?, ?, ?, ?),(?, ?, ?, ?, ?, ?, ?, ?),(?, ?, ?, ?, ?, ?, ?, ?),(?, ?, ?, ?, ?, ?, ?, ?),(?, ?, ?, ?, ?, ?, ?, ?),(?, ?, ?, ?, ?, ?, ?, ?),(?, ?, ?, ?, ?, ?, ?, ?),(?, ?, ?, ?, ?, ?, ?, ?),(?, ?, ?, ?, ?, ?, ?, ?),(?, ?, ?, ?, ?, ?, ?, ?),(?, ?, ?, ?, ?, ?, ?, ?),(?, ?, ?, ?, ?, ?, ?, ?),(?, ?, ?, ?, ?, ?, ?, ?),(?, ?, ?, ?, ?, ?, ?, ?),(?, ?, ?, ?, ?, ?, ?, ?),(?, ?, ?, ?, ?, ?, ?, ?),(?, ?, ?, ?, ?, ?, ?, ?),(?, ?, ?, ?, ?, ?, ?, ?),(?, ?, ?, ?, ?, ?, ?, ?),(?, ?, ?, ?, ?, ?, ?, ?),(?, ?, ?, ?, ?, ?, ?, ?),(?, ?, ?, ?, ?, ?, ?, ?),(?, ?, ?, ?, ?, ?, ?, ?),(?, ?, ?, ?, ?, ?, ?, ?),(?, ?, ?, ?, ?, ?, ?, ?),(?, ?, ?, ?, ?, ?, ?, ?),(?, ?, ?, ?, ?, ?, ?, ?),(?, ?, ?, ?, ?, ?, ?, ?),(?, ?, ?, ?, ?, ?, ?, ?),(?, ?, ?, ?, ?, ?, ?, ?),(?, ?, ?, ?, ?, ?, ?, ?),(?, ?, ?, ?, ?, ?, ?, ?),(?, ?, ?, ?, ?, ?, ?, ?),(?, ?, ?, ?, ?, ?, ?, ?),(?, ?, ?, ?, ?, ?, ?, ?),(?, ?, ?, ?, ?, ?, ?, ?),(?, ?, ?, ?, ?, ?, ?, ?),(?, ?, ?, ?, ?, ?, ?, ?),(?, ?, ?, ?, ?, ?, ?, ?),(?, ?, ?, ?, ?, ?, ?, ?),(?, ?, ?, ?, ?, ?, ?, ?),(?, ?, ?, ?, ?, ?, ?, ?),(?, ?, ?, ?, ?, ?, ?, ?),(?, ?, ?, ?, ?, ?, ?, ?),(?, ?, ?, ?, ?, ?, ?, ?),(?, ?, ?, ?, ?, ?, ?, ?),(?, ?, ?, ?, ?, ?, ?, ?),(?, ?, ?, ?, ?, ?, ?, ?),(?, ?, ?, ?, ?, ?, ?, ?),(?, ?, ?, ?, ?, ?, ?, ?),(?, ?, ?, ?, ?, ?, ?, ?),(?, ?, ?, ?, ?, ?, ?, ?),(?, ?, ?, ?, ?, ?, ?, ?),(?, ?, ?, ?, ?, ?, ?, ?),(?, ?, ?, ?, ?, ?, ?, ?),(?, ?, ?, ?, ?, ?, ?, ?),(?, ?, ?, ?, ?, ?, ?, ?),(?, ?, ?, ?, ?, ?, ?, ?),(?, ?, ?, ?, ?, ?, ?, ?),(?, ?, ?, ?, ?, ?, ?, ?),(?, ?, ?, ?, ?, ?, ?, ?),(?, ?, ?, ?, ?, ?, ?, ?),(?, ?, ?, ?, ?, ?, ?, ?),(?, ?, ?, ?, ?, ?, ?, ?),(?, ?, ?, ?, ?, ?, ?, ?),(?, ?, ?, ?, ?, ?, ?, ?),(?, ?, ?, ?, ?, ?, ?, ?),(?, ?, ?, ?, ?, ?, ?, ?),(?, ?, ?, ?, ?, ?, ?, ?)
-	2	12.115	6.057	5.469	6.645	-	ExecContext INSERT INTO player_score (id, tenant_id, player_id, competition_id, score, row_num, created_at, updated_at) VALUES (?, ?, ?, ?, ?, ?, ?, ?),(?, ?, ?, ?, ?, ?, ?, ?),(?, ?, ?, ?, ?, ?, ?, ?),(?, ?, ?, ?, ?, ?, ?, ?),(?, ?, ?, ?, ?, ?, ?, ?),(?, ?, ?, ?, ?, ?, ?, ?),(?, ?, ?, ?, ?, ?, ?, ?),(?, ?, ?, ?, ?, ?, ?, ?),(?, ?, ?, ?, ?, ?, ?, ?),(?, ?, ?, ?, ?, ?, ?, ?),(?, ?, ?, ?, ?, ?, ?, ?),(?, ?, ?, ?, ?, ?, ?, ?),(?, ?, ?, ?, ?, ?, ?, ?),(?, ?, ?, ?, ?, ?, ?, ?),(?, ?, ?, ?, ?, ?, ?, ?),(?, ?, ?, ?, ?, ?, ?, ?),(?, ?, ?, ?, ?, ?, ?, ?),(?, ?, ?, ?, ?, ?, ?, ?),(?, ?, ?, ?, ?, ?, ?, ?),(?, ?, ?, ?, ?, ?, ?, ?),(?, ?, ?, ?, ?, ?, ?, ?),(?, ?, ?, ?, ?, ?, ?, ?),(?, ?, ?, ?, ?, ?, ?, ?),(?, ?, ?, ?, ?, ?, ?, ?),(?, ?, ?, ?, ?, ?, ?, ?),(?, ?, ?, ?, ?, ?, ?, ?),(?, ?, ?, ?, ?, ?, ?, ?),(?, ?, ?, ?, ?, ?, ?, ?),(?, ?, ?, ?, ?, ?, ?, ?),(?, ?, ?, ?, ?, ?, ?, ?),(?, ?, ?, ?, ?, ?, ?, ?),(?, ?, ?, ?, ?, ?, ?, ?),(?, ?, ?, ?, ?, ?, ?, ?),(?, ?, ?, ?, ?, ?, ?, ?),(?, ?, ?, ?, ?, ?, ?, ?),(?, ?, ?, ?, ?, ?, ?, ?),(?, ?, ?, ?, ?, ?, ?, ?),(?, ?, ?, ?, ?, ?, ?, ?),(?, ?, ?, ?, ?, ?, ?, ?),(?, ?, ?, ?, ?, ?, ?, ?),(?, ?, ?, ?, ?, ?, ?, ?),(?, ?, ?, ?, ?, ?, ?, ?),(?, ?, ?, ?, ?, ?, ?, ?),(?, ?, ?, ?, ?, ?, ?, ?),(?, ?, ?, ?, ?, ?, ?, ?),(?, ?, ?, ?, ?, ?, ?, ?),(?, ?, ?, ?, ?, ?, ?, ?),(?, ?, ?, ?, ?, ?, ?, ?),(?, ?, ?, ?, ?, ?, ?, ?),(?, ?, ?, ?, ?, ?, ?, ?),(?, ?, ?, ?, ?, ?, ?, ?),(?, ?, ?, ?, ?, ?, ?, ?),(?, ?, ?, ?, ?, ?, ?, ?),(?, ?, ?, ?, ?, ?, ?, ?),(?, ?, ?, ?, ?, ?, ?, ?),(?, ?, ?, ?, ?, ?, ?, ?),(?, ?, ?, ?, ?, ?, ?, ?),(?, ?, ?, ?, ?, ?, ?, ?),(?, ?, ?, ?, ?, ?, ?, ?),(?, ?, ?, ?, ?, ?, ?, ?),(?, ?, ?, ?, ?, ?, ?, ?),(?, ?, ?, ?, ?, ?, ?, ?),(?, ?, ?, ?, ?, ?, ?, ?),(?, ?, ?, ?, ?, ?, ?, ?),(?, ?, ?, ?, ?, ?, ?, ?),(?, ?, ?, ?, ?, ?, ?, ?),(?, ?, ?, ?, ?, ?, ?, ?),(?, ?, ?, ?, ?, ?, ?, ?),(?, ?, ?, ?, ?, ?, ?, ?),(?, ?, ?, ?, ?, ?, ?, ?),(?, ?, ?, ?, ?, ?, ?, ?),(?, ?, ?, ?, ?, ?, ?, ?),(?, ?, ?, ?, ?, ?, ?, ?),(?, ?, ?, ?, ?, ?, ?, ?),(?, ?, ?, ?, ?, ?, ?, ?),(?, ?, ?, ?, ?, ?, ?, ?),(?, ?, ?, ?, ?, ?, ?, ?),(?, ?, ?, ?, ?, ?, ?, ?),(?, ?, ?, ?, ?, ?, ?, ?),(?, ?, ?, ?, ?, ?, ?, ?),(?, ?, ?, ?, ?, ?, ?, ?),(?, ?, ?, ?, ?, ?, ?, ?),(?, ?, ?, ?, ?, ?, ?, ?),(?, ?, ?, ?, ?, ?, ?, ?),(?, ?, ?, ?, ?, ?, ?, ?),(?, ?, ?, ?, ?, ?, ?, ?),(?, ?, ?, ?, ?, ?, ?, ?),(?, ?, ?, ?, ?, ?, ?, ?),(?, ?, ?, ?, ?, ?, ?, ?),(?, ?, ?, ?, ?, ?, ?, ?),(?, ?, ?, ?, ?, ?, ?, ?),(?, ?, ?, ?, ?, ?, ?, ?),(?, ?, ?, ?, ?, ?, ?, ?),(?, ?, ?, ?, ?, ?, ?, ?),(?, ?, ?, ?, ?, ?, ?, ?)
-	21	10.365	0.493	0.228	1.549	-	QueryContext SELECT * FROM tenant ORDER BY id DESC
-	1	9.069	9.069	9.069	9.069	-	ExecContext INSERT INTO player_score (id, tenant_id, player_id, competition_id, score, row_num, created_at, updated_at) VALUES (?, ?, ?, ?, ?, ?, ?, ?),(?, ?, ?, ?, ?, ?, ?, ?),(?, ?, ?, ?, ?, ?, ?, ?),(?, ?, ?, ?, ?, ?, ?, ?),(?, ?, ?, ?, ?, ?, ?, ?),(?, ?, ?, ?, ?, ?, ?, ?),(?, ?, ?, ?, ?, ?, ?, ?),(?, ?, ?, ?, ?, ?, ?, ?),(?, ?, ?, ?, ?, ?, ?, ?),(?, ?, ?, ?, ?, ?, ?, ?),(?, ?, ?, ?, ?, ?, ?, ?),(?, ?, ?, ?, ?, ?, ?, ?),(?, ?, ?, ?, ?, ?, ?, ?),(?, ?, ?, ?, ?, ?, ?, ?),(?, ?, ?, ?, ?, ?, ?, ?),(?, ?, ?, ?, ?, ?, ?, ?),(?, ?, ?, ?, ?, ?, ?, ?),(?, ?, ?, ?, ?, ?, ?, ?),(?, ?, ?, ?, ?, ?, ?, ?),(?, ?, ?, ?, ?, ?, ?, ?),(?, ?, ?, ?, ?, ?, ?, ?),(?, ?, ?, ?, ?, ?, ?, ?),(?, ?, ?, ?, ?, ?, ?, ?),(?, ?, ?, ?, ?, ?, ?, ?),(?, ?, ?, ?, ?, ?, ?, ?),(?, ?, ?, ?, ?, ?, ?, ?),(?, ?, ?, ?, ?, ?, ?, ?),(?, ?, ?, ?, ?, ?, ?, ?),(?, ?, ?, ?, ?, ?, ?, ?),(?, ?, ?, ?, ?, ?, ?, ?),(?, ?, ?, ?, ?, ?, ?, ?),(?, ?, ?, ?, ?, ?, ?, ?),(?, ?, ?, ?, ?, ?, ?, ?),(?, ?, ?, ?, ?, ?, ?, ?),(?, ?, ?, ?, ?, ?, ?, ?),(?, ?, ?, ?, ?, ?, ?, ?),(?, ?, ?, ?, ?, ?, ?, ?),(?, ?, ?, ?, ?, ?, ?, ?),(?, ?, ?, ?, ?, ?, ?, ?),(?, ?, ?, ?, ?, ?, ?, ?),(?, ?, ?, ?, ?, ?, ?, ?),(?, ?, ?, ?, ?, ?, ?, ?),(?, ?, ?, ?, ?, ?, ?, ?),(?, ?, ?, ?, ?, ?, ?, ?),(?, ?, ?, ?, ?, ?, ?, ?),(?, ?, ?, ?, ?, ?, ?, ?),(?, ?, ?, ?, ?, ?, ?, ?),(?, ?, ?, ?, ?, ?, ?, ?),(?, ?, ?, ?, ?, ?, ?, ?),(?, ?, ?, ?, ?, ?, ?, ?),(?, ?, ?, ?, ?, ?, ?, ?),(?, ?, ?, ?, ?, ?, ?, ?),(?, ?, ?, ?, ?, ?, ?, ?),(?, ?, ?, ?, ?, ?, ?, ?),(?, ?, ?, ?, ?, ?, ?, ?),(?, ?, ?, ?, ?, ?, ?, ?),(?, ?, ?, ?, ?, ?, ?, ?),(?, ?, ?, ?, ?, ?, ?, ?),(?, ?, ?, ?, ?, ?, ?, ?),(?, ?, ?, ?, ?, ?, ?, ?),(?, ?, ?, ?, ?, ?, ?, ?),(?, ?, ?, ?, ?, ?, ?, ?),(?, ?, ?, ?, ?, ?, ?, ?),(?, ?, ?, ?, ?, ?, ?, ?),(?, ?, ?, ?, ?, ?, ?, ?),(?, ?, ?, ?, ?, ?, ?, ?),(?, ?, ?, ?, ?, ?, ?, ?),(?, ?, ?, ?, ?, ?, ?, ?),(?, ?, ?, ?, ?, ?, ?, ?),(?, ?, ?, ?, ?, ?, ?, ?),(?, ?, ?, ?, ?, ?, ?, ?),(?, ?, ?, ?, ?, ?, ?, ?),(?, ?, ?, ?, ?, ?, ?, ?),(?, ?, ?, ?, ?, ?, ?, ?),(?, ?, ?, ?, ?, ?, ?, ?),(?, ?, ?, ?, ?, ?, ?, ?),(?, ?, ?, ?, ?, ?, ?, ?),(?, ?, ?, ?, ?, ?, ?, ?),(?, ?, ?, ?, ?, ?, ?, ?),(?, ?, ?, ?, ?, ?, ?, ?),(?, ?, ?, ?, ?, ?, ?, ?),(?, ?, ?, ?, ?, ?, ?, ?),(?, ?, ?, ?, ?, ?, ?, ?),(?, ?, ?, ?, ?, ?, ?, ?),(?, ?, ?, ?, ?, ?, ?, ?),(?, ?, ?, ?, ?, ?, ?, ?),(?, ?, ?, ?, ?, ?, ?, ?),(?, ?, ?, ?, ?, ?, ?, ?),(?, ?, ?, ?, ?, ?, ?, ?),(?, ?, ?, ?, ?, ?, ?, ?),(?, ?, ?, ?, ?, ?, ?, ?),(?, ?, ?, ?, ?, ?, ?, ?),(?, ?, ?, ?, ?, ?, ?, ?),(?, ?, ?, ?, ?, ?, ?, ?),(?, ?, ?, ?, ?, ?, ?, ?),(?, ?, ?, ?, ?, ?, ?, ?),(?, ?, ?, ?, ?, ?, ?, ?),(?, ?, ?, ?, ?, ?, ?, ?),(?, ?, ?, ?, ?, ?, ?, ?),(?, ?, ?, ?, ?, ?, ?, ?),(?, ?, ?, ?, ?, ?, ?, ?),(?, ?, ?, ?, ?, ?, ?, ?),(?, ?, ?, ?, ?, ?, ?, ?),(?, ?, ?, ?, ?, ?, ?, ?),(?, ?, ?, ?, ?, ?, ?, ?),(?, ?, ?, ?, ?, ?, ?, ?),(?, ?, ?, ?, ?, ?, ?, ?),(?, ?, ?, ?, ?, ?, ?, ?),(?, ?, ?, ?, ?, ?, ?, ?),(?, ?, ?, ?, ?, ?, ?, ?),(?, ?, ?, ?, ?, ?, ?, ?),(?, ?, ?, ?, ?, ?, ?, ?),(?, ?, ?, ?, ?, ?, ?, ?),(?, ?, ?, ?, ?, ?, ?, ?),(?, ?, ?, ?, ?, ?, ?, ?),(?, ?, ?, ?, ?, ?, ?, ?),(?, ?, ?, ?, ?, ?, ?, ?),(?, ?, ?, ?, ?, ?, ?, ?),(?, ?, ?, ?, ?, ?, ?, ?),(?, ?, ?, ?, ?, ?, ?, ?),(?, ?, ?, ?, ?, ?, ?, ?),(?, ?, ?, ?, ?, ?, ?, ?),(?, ?, ?, ?, ?, ?, ?, ?),(?, ?, ?, ?, ?, ?, ?, ?),(?, ?, ?, ?, ?, ?, ?, ?),(?, ?, ?, ?, ?, ?, ?, ?),(?, ?, ?, ?, ?, ?, ?, ?),(?, ?, ?, ?, ?, ?, ?, ?),(?, ?, ?, ?, ?, ?, ?, ?),(?, ?, ?, ?, ?, ?, ?, ?),(?, ?, ?, ?, ?, ?, ?, ?),(?, ?, ?, ?, ?, ?, ?, ?),(?, ?, ?, ?, ?, ?, ?, ?),(?, ?, ?, ?, ?, ?, ?, ?),(?, ?, ?, ?, ?, ?, ?, ?),(?, ?, ?, ?, ?, ?, ?, ?),(?, ?, ?, ?, ?, ?, ?, ?),(?, ?, ?, ?, ?, ?, ?, ?),(?, ?, ?, ?, ?, ?, ?, ?),(?, ?, ?, ?, ?, ?, ?, ?),(?, ?, ?, ?, ?, ?, ?, ?),(?, ?, ?, ?, ?, ?, ?, ?),(?, ?, ?, ?, ?, ?, ?, ?),(?, ?, ?, ?, ?, ?, ?, ?),(?, ?, ?, ?, ?, ?, ?, ?),(?, ?, ?, ?, ?, ?, ?, ?),(?, ?, ?, ?, ?, ?, ?, ?),(?, ?, ?, ?, ?, ?, ?, ?),(?, ?, ?, ?, ?, ?, ?, ?),(?, ?, ?, ?, ?, ?, ?, ?),(?, ?, ?, ?, ?, ?, ?, ?),(?, ?, ?, ?, ?, ?, ?, ?),(?, ?, ?, ?, ?, ?, ?, ?),(?, ?, ?, ?, ?, ?, ?, ?),(?, ?, ?, ?, ?, ?, ?, ?),(?, ?, ?, ?, ?, ?, ?, ?),(?, ?, ?, ?, ?, ?, ?, ?),(?, ?, ?, ?, ?, ?, ?, ?),(?, ?, ?, ?, ?, ?, ?, ?),(?, ?, ?, ?, ?, ?, ?, ?),(?, ?, ?, ?, ?, ?, ?, ?),(?, ?, ?, ?, ?, ?, ?, ?),(?, ?, ?, ?, ?, ?, ?, ?),(?, ?, ?, ?, ?, ?, ?, ?),(?, ?, ?, ?, ?, ?, ?, ?),(?, ?, ?, ?, ?, ?, ?, ?),(?, ?, ?, ?, ?, ?, ?, ?),(?, ?, ?, ?, ?, ?, ?, ?),(?, ?, ?, ?, ?, ?, ?, ?),(?, ?, ?, ?, ?, ?, ?, ?),(?, ?, ?, ?, ?, ?, ?, ?),(?, ?, ?, ?, ?, ?, ?, ?),(?, ?, ?, ?, ?, ?, ?, ?),(?, ?, ?, ?, ?, ?, ?, ?),(?, ?, ?, ?, ?, ?, ?, ?),(?, ?, ?, ?, ?, ?, ?, ?),(?, ?, ?, ?, ?, ?, ?, ?),(?, ?, ?, ?, ?, ?, ?, ?),(?, ?, ?, ?, ?, ?, ?, ?),(?, ?, ?, ?, ?, ?, ?, ?),(?, ?, ?, ?, ?, ?, ?, ?),(?, ?, ?, ?, ?, ?, ?, ?),(?, ?, ?, ?, ?, ?, ?, ?),(?, ?, ?, ?, ?, ?, ?, ?),(?, ?, ?, ?, ?, ?, ?, ?),(?, ?, ?, ?, ?, ?, ?, ?),(?, ?, ?, ?, ?, ?, ?, ?),(?, ?, ?, ?, ?, ?, ?, ?),(?, ?, ?, ?, ?, ?, ?, ?),(?, ?, ?, ?, ?, ?, ?, ?),(?, ?, ?, ?, ?, ?, ?, ?),(?, ?, ?, ?, ?, ?, ?, ?),(?, ?, ?, ?, ?, ?, ?, ?),(?, ?, ?, ?, ?, ?, ?, ?),(?, ?, ?, ?, ?, ?, ?, ?)
-	1	7.913	7.913	7.913	7.913	-	ExecContext INSERT INTO player_score (id, tenant_id, player_id, competition_id, score, row_num, created_at, updated_at) VALUES (?, ?, ?, ?, ?, ?, ?, ?),(?, ?, ?, ?, ?, ?, ?, ?),(?, ?, ?, ?, ?, ?, ?, ?),(?, ?, ?, ?, ?, ?, ?, ?),(?, ?, ?, ?, ?, ?, ?, ?),(?, ?, ?, ?, ?, ?, ?, ?),(?, ?, ?, ?, ?, ?, ?, ?),(?, ?, ?, ?, ?, ?, ?, ?),(?, ?, ?, ?, ?, ?, ?, ?),(?, ?, ?, ?, ?, ?, ?, ?),(?, ?, ?, ?, ?, ?, ?, ?),(?, ?, ?, ?, ?, ?, ?, ?),(?, ?, ?, ?, ?, ?, ?, ?),(?, ?, ?, ?, ?, ?, ?, ?),(?, ?, ?, ?, ?, ?, ?, ?),(?, ?, ?, ?, ?, ?, ?, ?),(?, ?, ?, ?, ?, ?, ?, ?),(?, ?, ?, ?, ?, ?, ?, ?),(?, ?, ?, ?, ?, ?, ?, ?),(?, ?, ?, ?, ?, ?, ?, ?),(?, ?, ?, ?, ?, ?, ?, ?),(?, ?, ?, ?, ?, ?, ?, ?),(?, ?, ?, ?, ?, ?, ?, ?),(?, ?, ?, ?, ?, ?, ?, ?),(?, ?, ?, ?, ?, ?, ?, ?),(?, ?, ?, ?, ?, ?, ?, ?),(?, ?, ?, ?, ?, ?, ?, ?),(?, ?, ?, ?, ?, ?, ?, ?),(?, ?, ?, ?, ?, ?, ?, ?),(?, ?, ?, ?, ?, ?, ?, ?),(?, ?, ?, ?, ?, ?, ?, ?),(?, ?, ?, ?, ?, ?, ?, ?),(?, ?, ?, ?, ?, ?, ?, ?),(?, ?, ?, ?, ?, ?, ?, ?),(?, ?, ?, ?, ?, ?, ?, ?),(?, ?, ?, ?, ?, ?, ?, ?),(?, ?, ?, ?, ?, ?, ?, ?),(?, ?, ?, ?, ?, ?, ?, ?),(?, ?, ?, ?, ?, ?, ?, ?),(?, ?, ?, ?, ?, ?, ?, ?),(?, ?, ?, ?, ?, ?, ?, ?),(?, ?, ?, ?, ?, ?, ?, ?),(?, ?, ?, ?, ?, ?, ?, ?),(?, ?, ?, ?, ?, ?, ?, ?),(?, ?, ?, ?, ?, ?, ?, ?),(?, ?, ?, ?, ?, ?, ?, ?),(?, ?, ?, ?, ?, ?, ?, ?),(?, ?, ?, ?, ?, ?, ?, ?),(?, ?, ?, ?, ?, ?, ?, ?),(?, ?, ?, ?, ?, ?, ?, ?),(?, ?, ?, ?, ?, ?, ?, ?),(?, ?, ?, ?, ?, ?, ?, ?),(?, ?, ?, ?, ?, ?, ?, ?),(?, ?, ?, ?, ?, ?, ?, ?),(?, ?, ?, ?, ?, ?, ?, ?),(?, ?, ?, ?, ?, ?, ?, ?),(?, ?, ?, ?, ?, ?, ?, ?),(?, ?, ?, ?, ?, ?, ?, ?)
-	28	7.741	0.276	0.218	0.670	-	QueryContext SELECT * FROM tenant WHERE name = ?
-	1	6.819	6.819	6.819	6.819	-	ExecContext INSERT INTO player_score (id, tenant_id, player_id, competition_id, score, row_num, created_at, updated_at) VALUES (?, ?, ?, ?, ?, ?, ?, ?),(?, ?, ?, ?, ?, ?, ?, ?),(?, ?, ?, ?, ?, ?, ?, ?),(?, ?, ?, ?, ?, ?, ?, ?),(?, ?, ?, ?, ?, ?, ?, ?),(?, ?, ?, ?, ?, ?, ?, ?),(?, ?, ?, ?, ?, ?, ?, ?),(?, ?, ?, ?, ?, ?, ?, ?),(?, ?, ?, ?, ?, ?, ?, ?),(?, ?, ?, ?, ?, ?, ?, ?),(?, ?, ?, ?, ?, ?, ?, ?),(?, ?, ?, ?, ?, ?, ?, ?),(?, ?, ?, ?, ?, ?, ?, ?),(?, ?, ?, ?, ?, ?, ?, ?),(?, ?, ?, ?, ?, ?, ?, ?),(?, ?, ?, ?, ?, ?, ?, ?),(?, ?, ?, ?, ?, ?, ?, ?),(?, ?, ?, ?, ?, ?, ?, ?),(?, ?, ?, ?, ?, ?, ?, ?),(?, ?, ?, ?, ?, ?, ?, ?),(?, ?, ?, ?, ?, ?, ?, ?),(?, ?, ?, ?, ?, ?, ?, ?),(?, ?, ?, ?, ?, ?, ?, ?),(?, ?, ?, ?, ?, ?, ?, ?),(?, ?, ?, ?, ?, ?, ?, ?),(?, ?, ?, ?, ?, ?, ?, ?),(?, ?, ?, ?, ?, ?, ?, ?),(?, ?, ?, ?, ?, ?, ?, ?),(?, ?, ?, ?, ?, ?, ?, ?),(?, ?, ?, ?, ?, ?, ?, ?),(?, ?, ?, ?, ?, ?, ?, ?),(?, ?, ?, ?, ?, ?, ?, ?),(?, ?, ?, ?, ?, ?, ?, ?),(?, ?, ?, ?, ?, ?, ?, ?),(?, ?, ?, ?, ?, ?, ?, ?),(?, ?, ?, ?, ?, ?, ?, ?),(?, ?, ?, ?, ?, ?, ?, ?),(?, ?, ?, ?, ?, ?, ?, ?),(?, ?, ?, ?, ?, ?, ?, ?),(?, ?, ?, ?, ?, ?, ?, ?),(?, ?, ?, ?, ?, ?, ?, ?),(?, ?, ?, ?, ?, ?, ?, ?),(?, ?, ?, ?, ?, ?, ?, ?),(?, ?, ?, ?, ?, ?, ?, ?),(?, ?, ?, ?, ?, ?, ?, ?),(?, ?, ?, ?, ?, ?, ?, ?),(?, ?, ?, ?, ?, ?, ?, ?),(?, ?, ?, ?, ?, ?, ?, ?),(?, ?, ?, ?, ?, ?, ?, ?),(?, ?, ?, ?, ?, ?, ?, ?),(?, ?, ?, ?, ?, ?, ?, ?),(?, ?, ?, ?, ?, ?, ?, ?),(?, ?, ?, ?, ?, ?, ?, ?),(?, ?, ?, ?, ?, ?, ?, ?),(?, ?, ?, ?, ?, ?, ?, ?),(?, ?, ?, ?, ?, ?, ?, ?),(?, ?, ?, ?, ?, ?, ?, ?),(?, ?, ?, ?, ?, ?, ?, ?),(?, ?, ?, ?, ?, ?, ?, ?),(?, ?, ?, ?, ?, ?, ?, ?),(?, ?, ?, ?, ?, ?, ?, ?),(?, ?, ?, ?, ?, ?, ?, ?),(?, ?, ?, ?, ?, ?, ?, ?),(?, ?, ?, ?, ?, ?, ?, ?),(?, ?, ?, ?, ?, ?, ?, ?),(?, ?, ?, ?, ?, ?, ?, ?),(?, ?, ?, ?, ?, ?, ?, ?),(?, ?, ?, ?, ?, ?, ?, ?),(?, ?, ?, ?, ?, ?, ?, ?),(?, ?, ?, ?, ?, ?, ?, ?),(?, ?, ?, ?, ?, ?, ?, ?),(?, ?, ?, ?, ?, ?, ?, ?),(?, ?, ?, ?, ?, ?, ?, ?),(?, ?, ?, ?, ?, ?, ?, ?),(?, ?, ?, ?, ?, ?, ?, ?),(?, ?, ?, ?, ?, ?, ?, ?),(?, ?, ?, ?, ?, ?, ?, ?),(?, ?, ?, ?, ?, ?, ?, ?),(?, ?, ?, ?, ?, ?, ?, ?),(?, ?, ?, ?, ?, ?, ?, ?),(?, ?, ?, ?, ?, ?, ?, ?),(?, ?, ?, ?, ?, ?, ?, ?),(?, ?, ?, ?, ?, ?, ?, ?),(?, ?, ?, ?, ?, ?, ?, ?),(?, ?, ?, ?, ?, ?, ?, ?),(?, ?, ?, ?, ?, ?, ?, ?),(?, ?, ?, ?, ?, ?, ?, ?),(?, ?, ?, ?, ?, ?, ?, ?),(?, ?, ?, ?, ?, ?, ?, ?),(?, ?, ?, ?, ?, ?, ?, ?),(?, ?, ?, ?, ?, ?, ?, ?),(?, ?, ?, ?, ?, ?, ?, ?),(?, ?, ?, ?, ?, ?, ?, ?),(?, ?, ?, ?, ?, ?, ?, ?),(?, ?, ?, ?, ?, ?, ?, ?),(?, ?, ?, ?, ?, ?, ?, ?),(?, ?, ?, ?, ?, ?, ?, ?),(?, ?, ?, ?, ?, ?, ?, ?),(?, ?, ?, ?, ?, ?, ?, ?),(?, ?, ?, ?, ?, ?, ?, ?),(?, ?, ?, ?, ?, ?, ?, ?),(?, ?, ?, ?, ?, ?, ?, ?),(?, ?, ?, ?, ?, ?, ?, ?),(?, ?, ?, ?, ?, ?, ?, ?),(?, ?, ?, ?, ?, ?, ?, ?),(?, ?, ?, ?, ?, ?, ?, ?),(?, ?, ?, ?, ?, ?, ?, ?),(?, ?, ?, ?, ?, ?, ?, ?),(?, ?, ?, ?, ?, ?, ?, ?),(?, ?, ?, ?, ?, ?, ?, ?),(?, ?, ?, ?, ?, ?, ?, ?),(?, ?, ?, ?, ?, ?, ?, ?),(?, ?, ?, ?, ?, ?, ?, ?),(?, ?, ?, ?, ?, ?, ?, ?),(?, ?, ?, ?, ?, ?, ?, ?),(?, ?, ?, ?, ?, ?, ?, ?),(?, ?, ?, ?, ?, ?, ?, ?),(?, ?, ?, ?, ?, ?, ?, ?),(?, ?, ?, ?, ?, ?, ?, ?),(?, ?, ?, ?, ?, ?, ?, ?),(?, ?, ?, ?, ?, ?, ?, ?),(?, ?, ?, ?, ?, ?, ?, ?),(?, ?, ?, ?, ?, ?, ?, ?),(?, ?, ?, ?, ?, ?, ?, ?),(?, ?, ?, ?, ?, ?, ?, ?),(?, ?, ?, ?, ?, ?, ?, ?),(?, ?, ?, ?, ?, ?, ?, ?),(?, ?, ?, ?, ?, ?, ?, ?),(?, ?, ?, ?, ?, ?, ?, ?),(?, ?, ?, ?, ?, ?, ?, ?),(?, ?, ?, ?, ?, ?, ?, ?),(?, ?, ?, ?, ?, ?, ?, ?),(?, ?, ?, ?, ?, ?, ?, ?),(?, ?, ?, ?, ?, ?, ?, ?),(?, ?, ?, ?, ?, ?, ?, ?),(?, ?, ?, ?, ?, ?, ?, ?),(?, ?, ?, ?, ?, ?, ?, ?),(?, ?, ?, ?, ?, ?, ?, ?),(?, ?, ?, ?, ?, ?, ?, ?),(?, ?, ?, ?, ?, ?, ?, ?),(?, ?, ?, ?, ?, ?, ?, ?),(?, ?, ?, ?, ?, ?, ?, ?),(?, ?, ?, ?, ?, ?, ?, ?),(?, ?, ?, ?, ?, ?, ?, ?),(?, ?, ?, ?, ?, ?, ?, ?),(?, ?, ?, ?, ?, ?, ?, ?),(?, ?, ?, ?, ?, ?, ?, ?),(?, ?, ?, ?, ?, ?, ?, ?),(?, ?, ?, ?, ?, ?, ?, ?),(?, ?, ?, ?, ?, ?, ?, ?),(?, ?, ?, ?, ?, ?, ?, ?),(?, ?, ?, ?, ?, ?, ?, ?),(?, ?, ?, ?, ?, ?, ?, ?),(?, ?, ?, ?, ?, ?, ?, ?),(?, ?, ?, ?, ?, ?, ?, ?),(?, ?, ?, ?, ?, ?, ?, ?),(?, ?, ?, ?, ?, ?, ?, ?),(?, ?, ?, ?, ?, ?, ?, ?),(?, ?, ?, ?, ?, ?, ?, ?),(?, ?, ?, ?, ?, ?, ?, ?),(?, ?, ?, ?, ?, ?, ?, ?),(?, ?, ?, ?, ?, ?, ?, ?),(?, ?, ?, ?, ?, ?, ?, ?),(?, ?, ?, ?, ?, ?, ?, ?),(?, ?, ?, ?, ?, ?, ?, ?),(?, ?, ?, ?, ?, ?, ?, ?),(?, ?, ?, ?, ?, ?, ?, ?),(?, ?, ?, ?, ?, ?, ?, ?),(?, ?, ?, ?, ?, ?, ?, ?),(?, ?, ?, ?, ?, ?, ?, ?),(?, ?, ?, ?, ?, ?, ?, ?),(?, ?, ?, ?, ?, ?, ?, ?),(?, ?, ?, ?, ?, ?, ?, ?),(?, ?, ?, ?, ?, ?, ?, ?),(?, ?, ?, ?, ?, ?, ?, ?),(?, ?, ?, ?, ?, ?, ?, ?),(?, ?, ?, ?, ?, ?, ?, ?),(?, ?, ?, ?, ?, ?, ?, ?),(?, ?, ?, ?, ?, ?, ?, ?),(?, ?, ?, ?, ?, ?, ?, ?),(?, ?, ?, ?, ?, ?, ?, ?),(?, ?, ?, ?, ?, ?, ?, ?),(?, ?, ?, ?, ?, ?, ?, ?),(?, ?, ?, ?, ?, ?, ?, ?),(?, ?, ?, ?, ?, ?, ?, ?),(?, ?, ?, ?, ?, ?, ?, ?),(?, ?, ?, ?, ?, ?, ?, ?),(?, ?, ?, ?, ?, ?, ?, ?),(?, ?, ?, ?, ?, ?, ?, ?),(?, ?, ?, ?, ?, ?, ?, ?),(?, ?, ?, ?, ?, ?, ?, ?),(?, ?, ?, ?, ?, ?, ?, ?),(?, ?, ?, ?, ?, ?, ?, ?),(?, ?, ?, ?, ?, ?, ?, ?),(?, ?, ?, ?, ?, ?, ?, ?),(?, ?, ?, ?, ?, ?, ?, ?),(?, ?, ?, ?, ?, ?, ?, ?),(?, ?, ?, ?, ?, ?, ?, ?),(?, ?, ?, ?, ?, ?, ?, ?),(?, ?, ?, ?, ?, ?, ?, ?),(?, ?, ?, ?, ?, ?, ?, ?),(?, ?, ?, ?, ?, ?, ?, ?)
-	268	4.997	0.018	0.011	0.054	-	QueryContext SELECT * FROM competition WHERE tenant_id=? ORDER BY created_at DESC
-	101	2.217	0.021	0.011	0.516	-	QueryContext SELECT * FROM competition WHERE tenant_id=?
-	48	0.920	0.019	0.013	0.060	-	QueryContext SELECT * FROM player WHERE tenant_id=? ORDER BY created_at DESC
